"defName","bodySize","hunger rate","ecosystem weight","ecosystem weight guess","predator"
"SC_RockbullAlbino","2.30","0.60","6.00","0.94",""
"AEXP_MegaWolverine","3.80","0.75","3.00","1.36","✓"
"ZEle_Appo","4.50","2.40","2.50","2.82",""
"RG_WoollyMammoth","4.40","1.71","2.50","2.24",""
"Elephant","4.00","1.61","2.00","2.08",""
"Megasloth","3.85","1.00","2.00","1.57",""
"Mastodon","4.50","1.80","2.00","2.34",""
"WYD_MamuffaloWood","2.58","1.00","2.00","1.32",""
"WYD_MamuffaloSnow","3.29","1.00","2.00","1.46",""
"WYD_MamuffaloLost","2.58","1.00","2.00","1.32",""
"ZEle_AsianElephant","3.80","1.90","2.00","2.28",""
"Nem_Mantis","3.25","2.00","2.00","2.25","✓"
"Mamuffalo","2.99","1.00","2.00","1.40",""
"Miraffe","3.00","0.57","2.00","1.05",""
"RG_WoollyRhinoceros","3.29","1.10","2.00","1.54",""
"AEXP_IndianElephant","3.30","1.60","2.00","1.94",""
"DA_Crestel","4.00","1.10","2.00","1.68","✓"
"Grimstone_Belloceros","3.00","1.07","1.70","1.46",""
"ZEle_BorneoPygmy","2.70","1.50","1.60","1.74",""
"Rhinoceros","3.06","1.07","1.50","1.47",""
"AA_Behemoth","8.00","0.30","1.50","1.84",""
"AA_DuskProwler","1.50","0.15","1.50","0.42","✓"
"ACPMegabadger","4.50","1.50","1.50","2.10","✓"
"DA_LeviathanCrab","3.30","1.10","1.40","1.54","✓"
"DA_NorthernDrog","4.00","1.10","1.40","1.68",""
"AEXP_BlackRhino","2.58","1.07","1.33","1.37",""
"Cow","2.40","0.54","1.10","0.91",""
"Boomalope","1.29","0.54","1.10","0.69",""
"Muffalo","3.00","0.54","1.10","1.03",""
"Bison","2.40","0.54","1.10","0.91",""
"Elk","2.10","0.54","1.10","0.85",""
"Yak","2.10","0.54","1.10","0.85",""
"Caribou","1.00","0.28","1.10","0.42",""
"Horse","2.40","0.54","1.10","0.91",""
"Donkey","1.40","0.33","1.10","0.54",""
"Toxalope","1.40","0.54","1.10","0.71",""
"Moose","2.50","0.54","1.10","0.93",""
"Muskox","2.50","0.54","1.10","0.93",""
"AA_ChameleonYak","2.50","0.54","1.10","0.93",""
"AA_Gigantelope","2.00","0.54","1.10","0.83",""
"AA_NightMule","2.80","0.23","1.10","0.74",""
"AA_NightRam","2.50","0.23","1.10","0.68",""
"AA_Radyak","2.50","0.54","1.10","0.93",""
"AA_ShadowCharger","2.50","0.25","1.10","0.70",""
"AA_SpinedGow","2.75","0.54","1.10","0.98",""
"AA_Thunderox","2.50","0.65","1.10","1.02",""
"AkhalTeke_horse","2.44","0.69","1.10","1.04",""
"Appaloosa_horse","2.40","0.68","1.10","1.02",""
"Arabian_horse","2.36","0.65","1.10","0.99",""
"Connemara_horse","2.29","0.65","1.10","0.98",""
"Fjord_horse","2.24","0.64","1.10","0.96",""
"Friesian_horse","2.56","0.72","1.10","1.09",""
"Gypsy_horse","2.40","0.68","1.10","1.02",""
"IrishDraught_horse","2.87","0.84","1.10","1.25",""
"IrishHunter_horse","2.52","0.71","1.10","1.07",""
"Mustang_horse","2.28","0.65","1.10","0.98",""
"Paint_horse","2.40","0.68","1.10","1.02",""
"Przewalski_horse","2.08","0.59","1.10","0.89",""
"Quarter_horse","2.40","0.68","1.10","1.02",""
"Shetland_pony","0.84","0.24","1.10","0.36",""
"Shire_horse","2.87","0.84","1.10","1.25",""
"Thoroughbred_horse","2.64","0.75","1.10","1.13",""
"ZDuck_EiderPintail","2.30","0.72","1.10","1.04",""
"ZDuck_GreaterMallard","2.10","0.85","1.10","1.10",""
"ERN_Lox","2.40","0.50","1.10","0.88",""
"AngusCow","2.40","0.54","1.10","0.91",""
"AnkoleWatusiCow","2.40","0.54","1.10","0.91",""
"BoomooCow","2.40","0.54","1.10","0.91",""
"BrahmanCow","2.40","0.54","1.10","0.91",""
"BravaCow","2.40","0.54","1.10","0.91",""
"BrownSwissCow","2.40","0.54","1.10","0.91",""
"HarianaCow","2.40","0.54","1.10","0.91",""
"HerefordCow","2.40","0.54","1.10","0.91",""
"HighlandCow","2.40","0.54","1.10","0.91",""
"HolsteinFriesianCow","2.40","0.54","1.10","0.91",""
"JerseyCow","2.40","0.54","1.10","0.91",""
"LimousinCow","2.40","0.54","1.10","0.91",""
"LonghornCow","2.40","0.54","1.10","0.91",""
"ZebuCow","2.40","0.54","1.10","0.91",""
"MeatCow","2.40","0.54","1.10","0.91",""
"MilkCow","2.40","0.54","1.10","0.91",""
"WoolyCow","2.40","0.54","1.10","0.91",""
"pphhyy_Vargulf","2.40","0.35","1.10","0.76","✓"
"SCQuarterHorse","2.40","0.85","1.10","1.16",""
"SCBlackHorse","2.40","0.85","1.10","1.16",""
"SCWhiteHorse","2.40","0.85","1.10","1.16",""
"SCPalomino","2.40","1.25","1.10","1.48",""
"SC_Rockbull","2.30","0.60","1.10","0.94",""
"AEXP_Wildebeest","2.20","0.53","1.10","0.86",""
"AEXP_Kangaroo","1.80","0.54","1.10","0.79",""
"VAEWaste_Wasteffalo","2.40","0.54","1.10","0.91",""
"DW_Garmr","4.00","1.00","1.10","1.60","✓"
"DA_Barog","2.40","0.54","1.10","0.91",""
"DA_Pilgrim","2.40","0.33","1.10","0.74",""
"FEB_Leadbelly","2.40","0.54","1.10","0.91",""
"Grimstone_Griffar","4.00","1.75","1.10","2.20","✓"
"Dromedary","2.10","0.54","1.00","0.85",""
"Thrumbo","4.00","1.75","1.00","2.20",""
"AlphaThrumbo","5.00","1.75","1.00","2.40",""
"Hippo","2.80","1.00","1.00","1.36",""
"AA_Aerofleet","0.20","0.10","1.00","0.12",""
"AA_ColossalAerofleet","2.00","1.50","1.00","1.60",""
"AA_Agaripawn","1.40","0.20","1.00","0.44",""
"AA_Agaripod","4.00","0.33","1.00","1.06",""
"AA_Atispec","7.00","1.00","1.00","2.20","✓"
"AA_BlackScarab","0.30","0.10","1.00","0.14",""
"AA_BlackSpelopede","1.00","0.25","1.00","0.40",""
"AA_BlackSpider","1.50","0.35","1.00","0.58",""
"AA_SummitCrab","15.00","0.01","1.00","3.01",""
"AA_BumbledroneQueen","0.79","0.40","1.00","0.48",""
"AA_ChemfuelMyrmidon","1.50","0.35","1.00","0.58",""
"AA_Darkbeast","1.50","0.10","1.00","0.38",""
"AA_DevilSheep","0.50","0.23","1.00","0.28",""
"AA_DuskRat","0.15","0.20","1.00","0.19",""
"AA_EngorgedTentacularAberration","6.00","2.00","1.00","2.80","✓"
"AA_FungalHusk","1.00","0.01","1.00","0.21",""
"AA_Gallatross","6.00","2.50","1.00","3.20",""
"AA_GallatrossMoribund","6.00","0.10","1.00","1.28",""
"AA_GiantCrownedSilkie","1.10","0.25","1.00","0.42",""
"AA_GreatDevourer","2.50","1.00","1.00","1.30","✓"
"AA_GreyCoatedMouflon","0.80","0.23","1.00","0.34",""
"AA_Helixien","4.00","0.30","1.00","1.04",""
"AA_InfectedAerofleet","0.20","0.02","1.00","0.06",""
"AA_IronhuskBeetle","2.50","0.54","1.00","0.93",""
"AA_MatureFleshbeast","6.00","1.50","1.00","2.40","✓"
"AA_Mime","1.00","3.00","1.00","2.60",""
"AA_Needlepost","0.79","0.05","1.00","0.20",""
"AA_NightAve","1.10","0.25","1.00","0.42","✓"
"AA_OcularJelly","0.50","0.01","1.00","0.11",""
"AA_OcularNightling","1.20","0.25","1.00","0.44","✓"
"AA_RedSpore","2.00","0.01","1.00","0.40",""
"AA_ShockGoat","0.65","0.23","1.00","0.31",""
"AA_Skiphound","0.79","0.20","1.00","0.32","✓"
"AA_Slurrypede","2.00","2.00","1.00","2.00",""
"AA_TeratogenicOriginator","5.00","0.10","1.00","1.08",""
"AA_TetraSlug","5.00","0.15","1.00","1.12",""
"AA_Thermadon","1.50","0.35","1.00","0.58",""
"AA_Thunderbeast","1.50","0.10","1.00","0.38",""
"AA_UnblinkingEye","7.00","1.00","1.00","2.20","✓"
"AA_Wildpawn","1.40","0.20","1.00","0.44",""
"AA_Wildpod","4.00","0.33","1.00","1.06",""
"AA_WindBeast","1.50","0.10","1.00","0.38",""
"ACPSilkieChicken","0.25","0.25","1.00","0.25",""
"ACPSpiritwolf","2.50","1.25","1.00","1.50","✓"
"ACPGiraffe","2.50","1.00","1.00","1.30",""
"ACPMegaFerret","0.65","0.25","1.00","0.33","✓"
"ACPXGecko","0.09","0.10","1.00","0.10","✓"
"ACPAngoraRabbit","0.20","0.10","1.00","0.12",""
"ACPChipmunk","0.15","0.13","1.00","0.13",""
"ACPMunchkinCat","0.26","0.10","1.00","0.13","✓"
"Giantala","4.00","2.00","1.00","2.40",""
"Gigantelope","2.00","1.00","1.00","1.20",""
"Megasquid","4.00","2.00","1.00","2.40",""
"BU_Budgerigar","0.08","0.13","1.00","0.12",""
"BU_Cockatiel","0.15","0.13","1.00","0.13",""
"BU_MacawBlueYellow","0.35","0.19","1.00","0.22",""
"BU_MacawMilitary","0.35","0.19","1.00","0.22",""
"BU_MacawScarlet","0.35","0.19","1.00","0.22",""
"BU_PeregrineFalcon","0.35","0.19","1.00","0.22","✓"
"BU_Raven","0.35","0.19","1.00","0.22",""
"BU_RedwingedBlackbird","0.15","0.13","1.00","0.13",""
"BU_Vulture","0.60","0.37","1.00","0.42",""
"BU_MacawCatalina","0.35","0.19","1.00","0.22",""
"BU_MacawShamrock","0.35","0.19","1.00","0.22",""
"BU_MacawHarlequin","0.35","0.19","1.00","0.22",""
"BB_EagleOwl","0.60","0.20","1.00","0.28","✓"
"BB_Hornbill","0.60","0.20","1.00","0.28",""
"BB_Toucan","0.60","0.20","1.00","0.28",""
"ZEle_Kallana","2.58","0.80","1.00","1.16",""
"BlackCappedConure","0.20","0.10","1.00","0.12",""
"CrimsonBelliedConure","0.20","0.10","1.00","0.12",""
"GoldenConure","0.20","0.10","1.00","0.12",""
"NandayConure","0.20","0.10","1.00","0.12",""
"PineappleConure","0.20","0.10","1.00","0.12",""
"SunConure","0.20","0.10","1.00","0.12",""
"TurquoiseConure","0.20","0.10","1.00","0.12",""
"CinnamonGroundDove","0.25","0.10","1.00","0.13",""
"DiamondDove","0.25","0.10","1.00","0.13",""
"MourningDove","0.25","0.10","1.00","0.13",""
"RingneckDove","0.25","0.10","1.00","0.13",""
"TurtleDove","0.13","0.10","1.00","0.11",""
"HomingPigeon","0.25","0.10","1.00","0.13",""
"BlueJay","0.12","0.08","1.00","0.09",""
"Cardinal","0.12","0.08","1.00","0.09",""
"Goldfinch","0.12","0.08","1.00","0.09",""
"HouseFinch","0.07","0.08","1.00","0.08",""
"Oriole","0.12","0.08","1.00","0.09",""
"ZebraFinch","0.12","0.08","1.00","0.09",""
"RG_WoollyStegosaurus","4.00","1.43","1.00","1.94",""
"RG_ArcticDrak","2.20","0.35","1.00","0.72","✓"
"Whitefox","0.80","0.30","1.00","0.40","✓"
"SCMiniatureDachshund","0.25","0.50","1.00","0.45",""
"SCSchnauzer","0.25","0.50","1.00","0.45",""
"SCPug","0.25","0.50","1.00","0.45",""
"SCWelshCorgi","0.42","0.50","1.00","0.48",""
"SCAfghanHound","0.71","0.50","1.00","0.54","✓"
"SCBorderCollie","0.50","0.50","1.00","0.50",""
"SCBullTerrier","0.50","0.50","1.00","0.50",""
"SCChowchow","0.50","0.50","1.00","0.50",""
"SCCollie","0.70","0.50","1.00","0.54",""
"SCDoberman","0.83","0.50","1.00","0.57","✓"
"SCGoldenRetriever","0.50","0.50","1.00","0.50",""
"SCGreyhound","0.50","0.50","1.00","0.50",""
"SCOldEnglishSheepdog","0.60","0.50","1.00","0.52",""
"SCStandardPoodle","0.60","0.50","1.00","0.52",""
"SCBorzoi","0.70","0.50","1.00","0.54",""
"SCBullmastiff","1.20","0.50","1.00","0.64",""
"SCCaucasianshepherd","1.20","0.50","1.00","0.64",""
"SCSaintbernard","1.10","0.50","1.00","0.62",""
"SCNewFoundland","1.10","0.50","1.00","0.62",""
"AEXP_Giraffe","4.00","0.45","1.00","1.16",""
"AEXP_Zebra","1.71","0.45","1.00","0.70",""
"AEXP_Camel","2.00","0.54","1.00","0.83",""
"AEXP_Anaconda","3.00","0.25","1.00","0.80","✓"
"AEXP_Quagga","2.00","0.43","1.00","0.74",""
"DA_BeardedTroll","2.00","1.50","1.00","1.60","✓"
"DA_Goldilox","4.00","1.60","1.00","2.08",""
"DA_RockTroll","4.50","0.20","1.00","1.06","✓"
"HC_Weasel","0.35","0.20","1.00","0.23","✓"
"Grimstone_Grimshadow","4.00","1.05","1.00","1.64","✓"
"ERN_Opossum","0.35","0.25","1.00","0.27","✓"
"ERN_Redpanda","0.30","0.25","1.00","0.26",""
"AA_Frostling","1.50","0.15","0.90","0.42","✓"
"AA_Nightling","1.00","0.25","0.90","0.40","✓"
"AA_RaptorShrimp","1.40","0.40","0.90","0.60","✓"
"AA_RipperHound","1.50","0.10","0.90","0.38","✓"
"AlligatorMan","1.00","0.25","0.90","0.40",""
"BlackBearMan","1.00","0.25","0.90","0.40",""
"Mandrill","1.00","0.25","0.90","0.40",""
"MandrillMan","1.00","0.25","0.90","0.40",""
"Neanderthal","1.00","0.25","0.90","0.40",""
"ACPUnicorn","2.00","0.80","0.80","1.04",""
"ACPWoolyHorse","2.00","0.50","0.80","0.80",""
"ACPHoneyBadger","0.90","0.30","0.80","0.42","✓"
"Armadillo","0.55","0.27","0.80","0.33",""
"Bardelot","0.55","0.27","0.80","0.33",""
"AEXP_Crocodile","1.60","0.28","0.80","0.54","✓"
"AEXP_Lion","1.65","0.30","0.80","0.57","✓"
"VAEWaste_Pestigator","3.00","0.28","0.80","0.82","✓"
"VAEWaste_Toxlion","1.65","0.30","0.80","0.57","✓"
"DA_BlackScribe","0.50","0.10","0.80","0.18","✓"
"DA_Phrak","0.30","0.10","0.80","0.14","✓"
"CK_Python","1.25","0.17","0.80","0.39","✓"
"AA_AnimaColossus","6.00","0.40","0.75","1.52",""
"AA_MycoidColossus","6.00","0.25","0.75","1.40",""
"AA_OvergrownColossus","6.00","0.50","0.75","1.60",""
"SpottedHyena","1.00","0.25","0.75","0.40","✓"
"StripedHyena","1.00","0.25","0.75","0.40","✓"
"CK_KomodoDragon","2.00","0.20","0.73","0.56","✓"
"Husky","0.86","0.50","0.70","0.57",""
"AA_RayHound","1.50","0.10","0.70","0.38",""
"Rabbuck","0.90","0.45","0.70","0.54",""
"Yippa","0.90","0.45","0.70","0.54",""
"Zarander","0.80","0.40","0.70","0.48",""
"Zebra","0.90","0.45","0.70","0.54",""
"Mastiff","0.90","0.50","0.70","0.58",""
"SaintBernard","0.90","0.60","0.70","0.66",""
"GermanShepard","0.90","0.60","0.70","0.66",""
"StrayDogs_Shiba","0.52","0.20","0.70","0.26","✓"
"Dingo","0.75","0.50","0.70","0.55","✓"
"Racoon_dog","0.35","0.50","0.70","0.47","✓"
"AEXP_WelshTerrier","0.86","0.50","0.70","0.57",""
"AEXP_Thylacine","0.86","0.25","0.70","0.37",""
"HC_Samoyed","0.70","0.30","0.70","0.38",""
"LabradorRetriever","0.75","0.40","0.60","0.47",""
"Gorilla","2.00","0.54","0.60","0.83",""
"ACPLlama","1.20","0.60","0.60","0.72",""
"Worm","1.00","0.07","0.60","0.26",""
"BrownLabradorRetriever","0.75","0.40","0.60","0.47",""
"GoldenRetriever","0.75","0.40","0.60","0.47",""
"Borzoi","0.75","0.40","0.60","0.47",""
"ZDuck_RudderDuck","0.75","0.40","0.60","0.47",""
"ZEle_Skelephant","4.00","1.20","0.60","1.76","✓"
"ZPT_Hyacinth","0.80","0.40","0.60","0.48",""
"StrayDogs_BerneseMountainDog","2.00","0.50","0.60","0.80",""
"StrayDogs_AkitaJapanese","0.85","0.40","0.60","0.49",""
"ZTT_WiggleneckTurtle","0.88","0.20","0.60","0.34",""
"AEXP_GreatDane","1.45","0.40","0.60","0.61",""
"AEXP_Poodle","0.75","0.20","0.60","0.31",""
"AEXP_Rottweiler","0.75","0.40","0.60","0.47",""
"AEXP_TasmanianDevil","0.75","0.40","0.60","0.47","✓"
"DA_DwarvenMuffton","1.30","0.30","0.60","0.50",""
"DA_RedhornedLarpah","1.00","0.40","0.60","0.52",""
"DA_Taraal","2.50","0.50","0.60","0.90","✓"
"DA_SnowTaraal","2.50","0.50","0.60","0.90","✓"
"FEB_Ferrohorn","2.40","0.85","0.60","1.16",""
"Grimstone_Sheepdog","0.75","0.40","0.60","0.47",""
"Alpaca","1.00","0.28","0.55","0.42",""
"ZPT_RubyMegakeet","2.00","0.55","0.55","0.84",""
"TVP_ShibaInu","0.52","0.40","0.55","0.42","✓"
"Bear_Grizzly","2.15","0.35","0.50","0.71","✓"
"Bear_Polar","2.15","0.35","0.50","0.71","✓"
"Ostrich","1.00","0.42","0.50","0.54",""
"Emu","0.60","0.28","0.50","0.34",""
"Cassowary","0.60","0.28","0.50","0.34",""
"Cougar","1.00","0.20","0.50","0.36","✓"
"Panther","1.00","0.20","0.50","0.36","✓"
"Turkey","0.48","0.28","0.50","0.32",""
"Goat","0.75","0.23","0.50","0.33",""
"Megaspider","1.20","0.35","0.50","0.52",""
"Alphabeaver","0.45","3.00","0.50","2.49",""
"Pig","1.70","0.50","0.50","0.74",""
"WildBoar","0.85","0.30","0.50","0.41",""
"Ibex","1.05","0.20","0.50","0.37",""
"Deer","1.29","0.20","0.50","0.42",""
"Sheep","1.00","0.23","0.50","0.38",""
"Warg","1.40","0.25","0.50","0.48","✓"
"Wolf_Timber","0.85","0.18","0.50","0.31","✓"
"Wolf_Arctic","0.85","0.18","0.50","0.31","✓"
"BogHound","0.85","0.18","0.50","0.31","✓"
"Cat_Scimitar","1.30","0.26","0.50","0.47","✓"
"Wolf_Great","1.50","0.40","0.50","0.62","✓"
"Tiger","1.40","0.20","0.50","0.44","✓"
"Panda","1.50","0.20","0.50","0.46",""
"Megavole","0.80","0.50","0.50","0.56",""
"Alligator","1.50","0.30","0.50","0.54","✓"
"Flamingo","0.35","0.28","0.50","0.29",""
"Heron","0.60","0.28","0.50","0.34",""
"Swan","0.60","0.28","0.50","0.34",""
"Peacock","0.60","0.23","0.50","0.30",""
"Vulture","0.60","0.23","0.50","0.30",""
"Walrus","2.00","0.54","0.50","0.83",""
"SeaLion","1.20","0.30","0.50","0.48",""
"Seal","0.80","0.30","0.50","0.40",""
"Coldwarg","1.40","0.25","0.50","0.48","✓"
"AA_Animalisk","1.00","0.10","0.50","0.28",""
"AA_ArcticLion","2.00","0.30","0.50","0.64","✓"
"AA_BedBug","0.50","0.25","0.50","0.30","✓"
"AA_BloodShrimp","1.00","0.40","0.50","0.52","✓"
"AA_Bumbledrone","0.79","0.30","0.50","0.40",""
"AA_CrescendoAnole","0.30","0.20","0.50","0.22",""
"AA_CrystallineCaracal","0.80","0.30","0.50","0.40","✓"
"AA_DarkVandal","1.20","0.25","0.50","0.44",""
"AA_DecayDrake","1.00","0.65","0.50","0.72","✓"
"AA_DesertAve","1.00","0.55","0.50","0.64",""
"AA_Erin","1.00","0.10","0.50","0.28","✓"
"AA_Feralisk","1.00","0.30","0.50","0.44","✓"
"AA_FireWasp","0.79","0.30","0.50","0.40","✓"
"AA_FlamingoPhoenix","0.35","0.28","0.50","0.29",""
"AA_FrostAve","1.30","0.55","0.50","0.70",""
"AA_FrostLynx","2.00","0.30","0.50","0.64","✓"
"AA_Genix","2.00","0.30","0.50","0.64","✓"
"AA_Junglelisk","1.00","0.20","0.50","0.36","✓"
"AA_Mantrap","2.00","0.35","0.50","0.68","✓"
"AA_MeadowAve","1.20","0.55","0.50","0.68",""
"AA_Metallovore","2.00","0.85","0.50","1.08",""
"AA_PedigreedRaptor","0.75","0.10","0.50","0.23",""
"AA_RoughPlatedMonitor","2.00","0.40","0.50","0.72","✓"
"AA_RoyalAve","1.10","0.55","0.50","0.66",""
"AA_SandLion","2.00","0.30","0.50","0.64","✓"
"ACPKiwi","0.25","0.10","0.50","0.13",""
"ACPWildDog","0.90","0.40","0.50","0.50",""
"ACPBlackbear","1.70","0.35","0.50","0.62","✓"
"ACPBlackRhinoceros","3.00","1.50","0.50","1.80",""
"ACPLion","1.50","0.30","0.50","0.54","✓"
"ACPCheetah","0.75","0.20","0.50","0.31","✓"
"ACPAmurLeopard","0.70","0.20","0.50","0.30","✓"
"ACPSnowLeopard","0.70","0.20","0.50","0.30","✓"
"ACPMajoreraGoat","0.70","0.40","0.50","0.46",""
"ACPTapir","0.90","0.40","0.50","0.50",""
"Boneworm","3.00","0.20","0.50","0.76",""
"Belgian_Malinois","0.90","0.45","0.50","0.54",""
"Ghostie_BabySeal","0.20","0.12","0.50","0.14",""
"Penguin","0.70","0.30","0.50","0.38",""
"ZDuck_ArcticRazorbill","1.00","0.25","0.50","0.40","✓"
"ZDuck_Bufflehead","0.80","0.45","0.50","0.52",""
"ZDuck_Cayuga","0.55","0.50","0.50","0.51",""
"ZDuck_DesertRazorbill","0.75","0.25","0.50","0.35","✓"
"ZDuck_Quackodile","1.40","0.30","0.50","0.52","✓"
"Crows_DustBunny","0.20","0.10","0.50","0.12",""
"FoxSquirrel","0.23","0.16","0.50","0.17",""
"ERN_MountainDog","0.85","0.25","0.50","0.37",""
"ERN_Palamute","0.85","0.25","0.50","0.37",""
"ERN_Valboar","0.85","0.30","0.50","0.41",""
"ERN_FrostWolf","1.30","0.20","0.50","0.42","✓"
"TYR_CattleEgret","0.18","0.10","0.50","0.12","✓"
"TYR_GreatEgret","0.24","0.10","0.50","0.13","✓"
"TYR_ReddishEgret","1.00","0.10","0.50","0.28","✓"
"TYR_SlatyEgret","1.00","0.10","0.50","0.28","✓"
"TYR_SnowyEgret","1.00","0.10","0.50","0.28","✓"
"BrushTurkey","0.60","0.50","0.50","0.52",""
"CactusMantis","0.80","0.25","0.50","0.36","✓"
"WaterDeer","0.90","0.40","0.50","0.50",""
"BerkshirePig","1.70","0.50","0.50","0.74",""
"DairyPig","1.70","0.50","0.50","0.74",""
"DurocPig","1.70","0.50","0.50","0.74",""
"GloucestershirePig","2.00","0.70","0.50","0.96",""
"SaddlebackPig","1.70","0.40","0.50","0.66",""
"WoolyPig","1.70","0.50","0.50","0.74",""
"AssafSheep","0.75","0.23","0.50","0.33",""
"AwassiSheep","0.75","0.23","0.50","0.33",""
"BighornSheep","0.75","0.23","0.50","0.33",""
"BorderLeicesterSheep","0.75","0.23","0.50","0.33",""
"JacobsSheep","0.75","0.23","0.50","0.33",""
"LincolnSheep","0.75","0.23","0.50","0.33",""
"MerinoSheep","0.75","0.23","0.50","0.33",""
"MouflonSheep","0.75","0.23","0.50","0.33",""
"SuffolkSheep","0.75","0.23","0.50","0.33",""
"ZGF_MegaMart","3.80","2.00","0.50","2.36",""
"ZPT_CarolinaParakeet","0.35","0.50","0.50","0.47",""
"ZPT_Kea","0.75","0.40","0.50","0.47","✓"
"ZPT_LilacMegakeet","1.40","0.35","0.50","0.56",""
"ZPT_QuakerParrot","0.40","0.50","0.50","0.48",""
"ZPT_RingneckedParakeet","0.40","0.50","0.50","0.48",""
"ZPT_SunConure","0.37","0.50","0.50","0.47",""
"Wolf_Red","0.68","0.18","0.50","0.28","✓"
"RG_SabertoothTiger","1.20","0.20","0.50","0.40","✓"
"RG_TerrorBird","2.00","0.50","0.50","0.80","✓"
"RG_Synthetion","1.00","0.28","0.50","0.42",""
"Rat_Large","1.00","0.20","0.50","0.36","✓"
"pphhyy_SanguineDeer","1.20","0.15","0.50","0.36","✓"
"SC_Moleroach","0.80","0.25","0.50","0.36",""
"SC_MoleroachBlue","0.80","0.25","0.50","0.36",""
"pphhyy_Kelenken","2.40","0.28","0.50","0.70",""
"pphhyy_Paraken","2.40","0.28","0.50","0.70",""
"pphhyy_Penglenken","2.80","0.28","0.50","0.78","✓"
"pphhyy_Touken","2.00","0.28","0.50","0.62","✓"
"pphhyy_Vulaken","2.00","0.28","0.50","0.62","✓"
"pphhyy_DesertSparaken","2.00","0.28","0.50","0.62",""
"pphhyy_Pileaken","2.80","0.28","0.50","0.78",""
"pphhyy_Sparaken","2.00","0.28","0.50","0.62",""
"pphhyy_Heronken","2.40","0.28","0.50","0.70","✓"
"emperor_penguin","1.35","0.25","0.50","0.47","✓"
"king_penguin","0.35","0.10","0.50","0.15",""
"GoldenJackal","0.70","0.50","0.50","0.54","✓"
"Dhole","0.85","0.18","0.50","0.31","✓"
"AEXP_Coyote","0.76","0.25","0.50","0.35","✓"
"AEXP_Cheetah","1.00","0.20","0.50","0.36","✓"
"AEXP_ArcticCoyote","0.76","0.25","0.50","0.35","✓"
"AEXP_BlackBear","1.29","0.35","0.50","0.54","✓"
"AEXP_GermanShepherd","1.00","0.50","0.50","0.60","✓"
"AEXP_Jaguar","1.00","0.20","0.50","0.36","✓"
"AEXP_Moa","2.00","0.60","0.50","0.88",""
"AEXP_RockhopperPenguin","0.40","0.10","0.50","0.16",""
"AEXP_AfricanWildDog","0.85","0.18","0.50","0.31","✓"
"VAERoy_Crane","1.25","0.23","0.50","0.43",""
"VAERoy_Pheasant","0.30","0.18","0.50","0.20",""
"VAEWaste_Toxbear","4.00","0.35","0.50","1.08","✓"
"VAEWaste_Wasteboar","1.30","0.30","0.50","0.50",""
"VAEWaste_Wastedeer","1.20","0.20","0.50","0.40",""
"DA_Snaptoad","2.30","0.22","0.50","0.64","✓"
"DA_Karabal","1.40","0.80","0.50","0.92","✓"
"DA_ImperialRedhound","2.15","0.90","0.50","1.15","✓"
"FEB_Gutterhog","1.13","0.80","0.50","0.87",""
"HC_Alligatorturtle","1.05","0.35","0.50","0.49","✓"
"HC_Snowleopard","1.30","0.20","0.50","0.42","✓"
"HC_Watermonitor","0.80","0.20","0.50","0.32","✓"
"Grimstone_EmperorVulture","1.00","0.20","0.50","0.36",""
"Grimstone_NorthernLynx","1.00","0.20","0.50","0.36","✓"
"Grimstone_Tetras","0.60","0.28","0.50","0.34",""
"CK_Panda","2.15","0.35","0.50","0.71",""
"CK_Tiger","1.00","0.20","0.50","0.36","✓"
"CK_WhiteTiger","1.00","0.20","0.50","0.36","✓"
"CK_SnowLeopard","1.00","0.20","0.50","0.36","✓"
"CK_Jaguar","1.00","0.20","0.50","0.36","✓"
"ERN_SnowLeopard","1.10","0.22","0.50","0.40","✓"
"ERN_PallasCat","0.60","0.15","0.50","0.24","✓"
"ERN_Argali","1.00","0.23","0.50","0.38",""
"ERN_Ferret","0.50","0.15","0.50","0.22","✓"
"ERN_Greyfox","0.55","0.12","0.50","0.21","✓"
"ERN_Mink","0.55","0.28","0.50","0.33","✓"
"Gazelle","0.70","0.15","0.45","0.26",""
"RG_Megalenhydris","1.20","0.41","0.45","0.57","✓"
"ZTT_SandshellTurtle","0.65","0.10","0.45","0.21",""
"ZTT_Steelshell","0.65","0.10","0.45","0.21",""
"Addax","1.20","0.35","0.45","0.52",""
"Bongo","2.70","0.35","0.45","0.82",""
"Gemsbok","2.30","0.35","0.45","0.74",""
"Tortoise","0.50","0.08","0.40","0.17",""
"SeaTurtle","0.50","0.10","0.40","0.18",""
"DireRat","0.85","0.20","0.40","0.33","✓"
"GiantRakali","3.00","0.50","0.40","1.00",""
"KangarooRat","0.65","0.12","0.40","0.23",""
"PackRat","1.95","0.50","0.40","0.79",""
"Packaroo","1.80","0.50","0.40","0.76",""
"ScourgeRat","1.55","0.50","0.40","0.71","✓"
"AA_Bobeene","2.10","0.30","0.40","0.66",""
"ACPPeccary","0.55","0.30","0.40","0.35",""
"Toraton","3.00","0.30","0.40","0.84",""
"ERN_Neck","0.60","0.20","0.40","0.28",""
"ERN_Misthare","0.40","0.20","0.40","0.24",""
"PearlHamster","0.12","0.10","0.40","0.10",""
"AgoutiHamster","0.10","0.10","0.40","0.10",""
"SapphirerHamster","0.12","0.10","0.40","0.10",""
"PuddingHamster","0.12","0.10","0.40","0.10",""
"LeopardTortoise","0.50","0.08","0.40","0.17",""
"Muskrat","0.27","0.30","0.40","0.29",""
"RedFootedTortoise","0.50","0.08","0.40","0.17",""
"akaNEKO_Maine_Coon","0.70","0.15","0.40","0.26","✓"
"akaNEKO_N_Forest_Cat","0.70","0.12","0.40","0.24","✓"
"RG_SabertoothSquirrel","0.50","0.15","0.40","0.22",""
"RG_Velociraptor","0.75","0.30","0.40","0.39","✓"
"StrayDogs_Kai","0.40","0.30","0.40","0.32",""
"StrayDogs_Shikoku","0.60","0.30","0.40","0.36",""
"StrayDogs_SwedishVallhund","0.40","0.15","0.40","0.20",""
"ZTT_Toughback","1.90","0.30","0.40","0.62",""
"AEXP_CatMaineCoon","1.00","0.18","0.40","0.34","✓"
"AEXP_Hyena","0.76","0.25","0.40","0.35","✓"
"AEXP_DesertTortoise","0.60","0.10","0.40","0.20",""
"AEXP_GilaMonster","0.50","0.24","0.40","0.29",""
"HC_Galapagostortoise","2.20","0.80","0.40","1.08",""
"HC_Pangolin","0.50","0.33","0.40","0.36",""
"Spelopede","0.80","0.25","0.35","0.36",""
"Capybara","0.75","0.23","0.35","0.33",""
"dtf_angorarabbit","0.35","0.30","0.35","0.31",""
"HC_Owlbear","2.35","0.35","0.35","0.75","✓"
"HC_Yeti","2.25","0.55","0.35","0.89","✓"
"RG_Dodo","0.45","0.22","0.35","0.27",""
"AEXP_Pangolin","0.50","0.30","0.35","0.34",""
"HC_KomodoDragon","1.60","0.32","0.35","0.58","✓"
"ACPThornyDevil","0.28","0.20","0.33","0.22",""
"ERN_ptarmigan","0.18","0.35","0.32","0.32",""
"Cat","0.50","0.15","0.30","0.22","✓"
"YorkshireTerrier","0.32","0.15","0.30","0.18",""
"GuineaPig","0.20","0.10","0.30","0.12",""
"Monkey","0.35","0.13","0.30","0.17",""
"Chicken","0.30","0.14","0.30","0.17",""
"Duck","0.30","0.18","0.30","0.20",""
"Goose","0.60","0.28","0.30","0.34",""
"Chinchilla","0.35","0.13","0.30","0.17",""
"Boomrat","0.20","0.14","0.30","0.15",""
"Raccoon","0.48","0.20","0.30","0.26","✓"
"Iguana","0.40","0.20","0.30","0.24",""
"MonitorLizard","0.60","0.20","0.30","0.28","✓"
"Wolverine","0.70","0.23","0.30","0.32","✓"
"ColossusToad","0.80","0.20","0.30","0.32",""
"LavaSnail","0.90","0.20","0.30","0.34",""
"Quail","0.25","0.12","0.30","0.15",""
"Macaw","0.35","0.12","0.30","0.17",""
"StoneCrab","0.30","0.12","0.30","0.16",""
"AA_Barbslinger","2.50","1.00","0.30","1.30","✓"
"AA_Cactipine","0.50","0.20","0.30","0.26",""
"AA_Eyeling","0.40","0.10","0.30","0.16",""
"AA_Frostmite","0.50","1.30","0.30","1.14",""
"AA_Lockjaw","2.50","0.50","0.30","0.90","✓"
"AA_Needleroll","0.15","0.00","0.30","0.03",""
"AA_PhoenixOwlcat","0.20","0.10","0.30","0.12","✓"
"AA_SandProwler","2.00","0.10","0.30","0.48","✓"
"Possum","0.30","0.32","0.30","0.32",""
"ACPGreatBustard","0.40","0.30","0.30","0.32",""
"BB_BarnOwl","0.19","0.15","0.30","0.16","✓"
"BB_Cockatoo","0.30","0.15","0.30","0.18",""
"BB_Kestrel","0.14","0.30","0.30","0.27","✓"
"BB_Parrot","0.30","0.30","0.30","0.30",""
"BB_ParrotB","0.30","0.30","0.30","0.30",""
"CockerSpaniel","0.40","0.15","0.30","0.20",""
"WelshCorgi","0.40","0.15","0.30","0.20",""
"ERN_DachshundShorthair","0.32","0.15","0.30","0.18",""
"ERN_DachshundLonghair","0.32","0.15","0.30","0.18",""
"ERN_DachshundWirehair","0.32","0.15","0.30","0.18",""
"ERN_lizarddoggo","0.55","0.25","0.30","0.31",""
"akaNEKO_shironeko","0.40","0.10","0.30","0.16","✓"
"akaNEKO_kuroneko","0.40","0.10","0.30","0.16","✓"
"akaNEKO_kijitora","0.40","0.10","0.30","0.16","✓"
"akaNEKO_A_Shorthair","0.40","0.10","0.30","0.16","✓"
"akaNEKO_Russian_Blue","0.40","0.10","0.30","0.16","✓"
"akaNEKO_Siamese","0.40","0.10","0.30","0.16","✓"
"akaNEKO_J_Bobtail","0.40","0.10","0.30","0.16","✓"
"akaNEKO_Persian","0.40","0.10","0.30","0.16","✓"
"akaNEKO_Scottish_Fold","0.40","0.10","0.30","0.16","✓"
"akaNEKO_Scottish_Fold_Long","0.40","0.10","0.30","0.16","✓"
"ZGF_BeechMart","0.40","0.35","0.30","0.36","✓"
"ZGF_JapaneseMart","0.39","0.35","0.30","0.36","✓"
"ZGF_NilgiriMart","0.35","0.25","0.30","0.27","✓"
"ZGF_PineMart","0.55","0.25","0.30","0.31","✓"
"ZGF_Sable","0.50","0.35","0.30","0.38","✓"
"ZGF_YellowMart","0.80","0.35","0.30","0.44","✓"
"Meerkat","0.32","0.15","0.30","0.18",""
"SMP_Tortie","0.36","0.15","0.30","0.19","✓"
"ZPT_Eclectus","0.25","0.30","0.30","0.29",""
"SC_Creamgrub","0.90","0.33","0.30","0.44",""
"StrayDogs_Hokkaido","0.40","0.30","0.30","0.32",""
"StrayDogs_Kishu","0.60","0.30","0.30","0.36",""
"ZTT_GiantStarTortoise","0.65","0.10","0.30","0.21","✓"
"ZTT_Plasturtle","2.30","0.30","0.30","0.70",""
"AEXP_Koala","0.25","0.05","0.30","0.09",""
"AEXP_Platypus","0.25","0.15","0.30","0.17",""
"AEXP_CatAbyssinian","0.32","0.15","0.30","0.18","✓"
"AEXP_CatBengal","0.32","0.15","0.30","0.18","✓"
"AEXP_CatBritishShorthair","0.32","0.15","0.30","0.18","✓"
"AEXP_CatMunchkin","0.32","0.15","0.30","0.18","✓"
"AEXP_CatNorwegianForest","0.66","0.15","0.30","0.25","✓"
"AEXP_CatPersian","0.32","0.15","0.30","0.18","✓"
"AEXP_CatSiamese","0.32","0.15","0.30","0.18","✓"
"AEXP_CatSomali","0.32","0.15","0.30","0.18","✓"
"AEXP_CatSphynx","0.32","0.15","0.30","0.18","✓"
"AEXP_Beagle","0.30","0.15","0.30","0.18",""
"AEXP_Chihuahua","0.15","0.15","0.30","0.15",""
"AEXP_Corgi","0.40","0.15","0.30","0.20",""
"AEXP_FrenchBulldog","0.40","0.30","0.30","0.32",""
"AEXP_Pug","0.30","0.15","0.30","0.18",""
"AEXP_Shih-Tzu","0.32","0.15","0.30","0.18",""
"AEXP_Lemur","0.25","0.05","0.30","0.09",""
"AEXP_Mandrill","0.80","0.25","0.30","0.36",""
"AEXP_Tapir","0.85","0.45","0.30","0.53",""
"AEXP_Bonobo","0.75","0.35","0.30","0.43",""
"VAERoy_Megachicken","0.30","0.14","0.30","0.17",""
"VAERoy_Orangutan","1.80","0.25","0.30","0.56",""
"VAERoy_RoyalTiger","1.00","0.30","0.30","0.44","✓"
"VAEWaste_Megatardi","2.00","0.01","0.30","0.41",""
"VAEWaste_Toxiguana","1.40","0.20","0.30","0.44",""
"VAEWaste_Toxscorpion","2.50","1.00","0.30","1.30","✓"
"aka_Tanuki","0.30","0.32","0.30","0.32",""
"DA_SilverMole","0.20","0.10","0.30","0.12",""
"HC_Baboon","0.75","0.35","0.30","0.43","✓"
"HC_Bullfrog","0.19","0.40","0.30","0.36","✓"
"HC_Leopardgecko","0.10","0.12","0.30","0.12",""
"Pigeon","0.40","0.14","0.30","0.19",""
"ZTT_MudTurtle","0.35","0.07","0.28","0.13",""
"ZTT_PaintedSnapvine","0.35","0.07","0.28","0.13",""
"Hare","0.38","0.12","0.25","0.17",""
"Snowhare","0.20","0.12","0.25","0.13",""
"Cobra","0.25","0.07","0.25","0.11","✓"
"Fox_Fennec","0.55","0.10","0.25","0.19","✓"
"Fox_Red","0.55","0.10","0.25","0.19","✓"
"Fox_Arctic","0.55","0.10","0.25","0.19","✓"
"CCPChocolateBun","0.20","0.12","0.25","0.13",""
"AA_AngelMoth","0.75","1.00","0.25","0.95",""
"AA_AnimusVox","0.65","0.20","0.25","0.29","✓"
"AA_AuroraSylph","0.50","0.10","0.25","0.18",""
"AA_Drainer","0.50","1.00","0.25","0.90",""
"AA_EmpressButterfly","0.75","0.25","0.25","0.35",""
"AA_Murkling","0.35","0.20","0.25","0.23",""
"AA_Ravager","2.50","0.35","0.25","0.78","✓"
"AA_Skyeel","0.25","0.01","0.25","0.06",""
"ACPMegascorpion","0.70","0.10","0.25","0.22",""
"ACPFerret","0.25","0.08","0.25","0.11","✓"
"ACPOtter","0.40","0.10","0.25","0.16","✓"
"ACPDomesticRabbit","0.20","0.12","0.25","0.13",""
"ACPRedPanda","0.25","0.35","0.25","0.33",""
"ZDuck_Ducky","0.15","0.30","0.25","0.27",""
"EuropeanBadger","0.20","0.35","0.25","0.32",""
"Copperhead","0.20","0.07","0.25","0.10","✓"
"CoralSnake","0.20","0.07","0.25","0.10","✓"
"Cottonmouth","0.20","0.07","0.25","0.10","✓"
"GreenSnake","0.20","0.07","0.25","0.10","✓"
"MudSnake","0.20","0.07","0.25","0.10","✓"
"RedRattler","0.20","0.07","0.25","0.10","✓"
"ScarletKingSnake","0.20","0.07","0.25","0.10","✓"
"TimberRattler","0.20","0.07","0.25","0.10","✓"
"YellowViper","0.20","0.07","0.25","0.10","✓"
"Cormorant","0.45","0.15","0.25","0.21",""
"Egret","0.40","0.15","0.25","0.20",""
"Ibis","0.40","0.15","0.25","0.20",""
"Pelican","0.60","0.15","0.25","0.24",""
"Spoonbill","0.45","0.15","0.25","0.21",""
"Fox_Gray","0.55","0.10","0.25","0.19","✓"
"Fox_Sand","0.55","0.10","0.25","0.19","✓"
"Fox_Silver","0.55","0.10","0.25","0.19","✓"
"Fox_Tibetan","0.55","0.10","0.25","0.19","✓"
"Fox_Maikong","0.55","0.10","0.25","0.19","✓"
"Fox_Kit","0.31","0.10","0.25","0.14","✓"
"Mouse","0.18","0.12","0.25","0.13",""
"Harvest_Mouse","0.18","0.12","0.25","0.13",""
"Striped_Mouse","0.18","0.12","0.25","0.13",""
"Woolly_Mouse","0.18","0.12","0.25","0.13",""
"Maned_Rat","0.18","0.12","0.25","0.13",""
"Cloud_Rat","0.18","0.12","0.25","0.13",""
"Mole_Rat","0.18","0.12","0.25","0.13",""
"Jerboa","0.18","0.12","0.25","0.13",""
"Kangaroo_Rat","0.18","0.12","0.25","0.13",""
"Hamster","0.18","0.12","0.25","0.13",""
"Rimmessian_fox","3.50","0.63","0.25","1.20","✓"
"AEXP_Boombat","0.40","0.05","0.25","0.12",""
"AEXP_Rattlesnake","0.25","0.07","0.25","0.11","✓"
"AEXP_WildGoose","0.42","0.35","0.25","0.36",""
"AEXP_Beaver","0.30","0.30","0.25","0.30",""
"VAERoy_AngoraRabbit","0.20","0.12","0.25","0.13",""
"VAEWaste_Hydra","0.35","0.07","0.25","0.13","✓"
"VAEWaste_Toxafox","0.55","0.10","0.25","0.19","✓"
"FEB_Cottonfoot","0.20","0.12","0.25","0.13",""
"GreenPeacock","0.60","0.23","0.25","0.30",""
"RedPeacock","0.60","0.23","0.25","0.30",""
"CK_ArcticHare","0.20","0.12","0.25","0.13",""
"ERN_Hedgehog","0.23","0.24","0.25","0.24",""
"ERN_Gartersnake","0.15","0.07","0.25","0.09","✓"
"ERN_Armadillo","0.20","0.17","0.25","0.18",""
"Gerbil","0.20","0.20","0.23","0.20",""
"Nutria","0.20","0.12","0.23","0.13",""
"Lynx","0.60","0.12","0.22","0.22","✓"
"ACPFishercat","0.30","0.30","0.22","0.30","✓"
"HC_Serval","0.55","0.16","0.22","0.24","✓"
"Squirrel","0.16","0.10","0.20","0.11",""
"Rat","0.10","0.10","0.20","0.10",""
"WasteRat","0.30","0.10","0.20","0.14",""
"PrairieDog","0.20","0.10","0.20","0.12",""
"Porcupine","0.35","0.15","0.20","0.19",""
"Mink","0.35","0.10","0.20","0.15",""
"Badger","0.60","0.20","0.20","0.28",""
"Bullfrog","0.19","0.10","0.20","0.12","✓"
"Sparrow","0.12","0.08","0.20","0.09",""
"Crow","0.15","0.08","0.20","0.09",""
"Bluebird","0.15","0.08","0.20","0.09",""
"HermitCrab","0.20","0.08","0.20","0.11",""
"Otter","0.40","0.15","0.20","0.20",""
"FancyRat","0.15","0.20","0.20","0.19",""
"SnowRat","0.25","0.20","0.20","0.21",""
"AA_Blizzarisk","2.00","0.30","0.20","0.64","✓"
"AA_BlizzariskClutchMother","3.00","1.80","0.20","2.04","✓"
"AA_BoulderMit","4.00","0.05","0.20","0.84",""
"AA_BumbledroneHierophant","0.79","0.10","0.20","0.24",""
"AA_Cinderlisk","2.50","0.20","0.20","0.66","✓"
"AA_CrepuscularBeetle","3.00","0.30","0.20","0.84",""
"AA_CrystalMit","0.50","0.10","0.20","0.18",""
"AA_Dunealisk","2.00","0.30","0.20","0.64","✓"
"AA_DunealiskClutchMother","3.00","1.80","0.20","2.04","✓"
"AA_FeraliskClutchMother","3.00","1.80","0.20","2.04","✓"
"AA_FissionMouse","0.50","0.33","0.20","0.36",""
"AA_FissionMouseSecond","0.50","0.33","0.20","0.36",""
"AA_FissionMouseThird","0.50","0.33","0.20","0.36",""
"AA_FrostboundBehemoth","3.00","0.23","0.20","0.78",""
"AA_Groundrunner","1.37","0.54","0.20","0.70",""
"AA_LuciferBug","0.15","0.20","0.20","0.19",""
"AA_MammothWorm","3.00","0.54","0.20","1.03",""
"AA_MegaLouse","0.50","0.70","0.20","0.66",""
"AA_PebbleMit","0.50","0.33","0.20","0.36",""
"AA_SandSquid","2.00","0.05","0.20","0.44",""
"AA_Terramorph","1.50","0.10","0.20","0.38",""
"ACPPtarmigan","0.25","0.25","0.20","0.25",""
"ACPHaulerAnt","2.50","0.20","0.20","0.66",""
"ACPAcidAnt","0.30","0.35","0.20","0.34",""
"ACPWoolyRhino","3.29","1.70","0.20","2.02",""
"ACPHedgehog","0.23","0.15","0.20","0.17",""
"SeaOtter","0.40","0.15","0.20","0.20",""
"AonyxCinerea","0.30","0.15","0.20","0.18",""
"BlackBear","2.15","0.35","0.20","0.71",""
"Jerbal","1.90","0.30","0.20","0.62",""
"TYR_Cuckooshrike_BlackWinged","0.08","0.10","0.20","0.10","✓"
"TYR_FairyBluebird_Philippine","0.10","0.10","0.20","0.10",""
"TYR_Owl_AfricanGrass","0.40","0.15","0.20","0.20","✓"
"TYR_Parrot_Caica","0.20","0.10","0.20","0.12",""
"TYR_Triller_WhiteBrowed","0.08","0.10","0.20","0.10",""
"HC_Griffin","2.15","0.32","0.20","0.69","✓"
"IndianGiantSquirrel","0.15","0.20","0.20","0.19",""
"ZGF_RimMart","0.90","0.35","0.20","0.46","✓"
"ZGF_Boommarten","0.20","0.14","0.20","0.15",""
"Seagull","0.30","0.12","0.20","0.16",""
"RG_Thrinaxodon","0.42","0.16","0.20","0.21","✓"
"Bushdog","0.30","0.25","0.20","0.26","✓"
"Manedwolf","1.00","0.25","0.20","0.40",""
"AEXP_RedPanda","0.28","0.10","0.20","0.14",""
"Weasel","0.15","0.10","0.20","0.11",""
"DA_IroncasketBeetle","0.50","0.10","0.20","0.18",""
"DA_ForestOwlcat","0.38","0.15","0.20","0.20","✓"
"DA_ArcticOwlcat","0.38","0.15","0.20","0.20","✓"
"ERN_Pika","0.15","0.10","0.20","0.11",""
"AEXP_Megascorpion","0.20","0.10","0.18","0.12",""
"Megascarab","0.20","0.10","0.15","0.12",""
"Larva","0.20","0.10","0.15","0.12",""
"HiveQueen","4.50","1.00","0.15","1.70",""
"Locust","0.60","0.15","0.15","0.24",""
"ThorntailMouse","1.60","0.50","0.15","0.72","✓"
"ACPDuckBilledPlatypus","0.60","0.30","0.15","0.36",""
"HC_Carbuncle","0.55","0.10","0.15","0.19","✓"
"HC_Gorgon","2.80","0.54","0.15","0.99",""
"HC_Kelpie","2.60","0.43","0.15","0.86","✓"
"Plover","0.20","0.10","0.15","0.12",""
"Sandpiper","0.20","0.10","0.15","0.12",""
"pphhyy_BloodScarab","0.20","0.20","0.15","0.20",""
"FEB_Apotheca","1.00","0.28","0.15","0.42",""
"BoomBat","0.10","0.06","0.12","0.07",""
"HonduranWhiteBat","0.10","0.06","0.12","0.07",""
"ACPErmine","0.70","0.30","0.11","0.38","✓"
"AA_Plasmorph","1.00","0.05","0.10","0.24","✓"
"ACPJackalope","0.20","0.23","0.10","0.22",""
"TYR_Hummingbird_BlueTailed","0.10","0.10","0.10","0.10",""
"rtp_BorderCollie","1.20","0.80","0.10","0.88","✓"
"Taggerung_Chromabird","0.20","0.30","0.10","0.28",""
"Taggerung_ChromaticFlowerWolf","0.85","0.18","0.10","0.31","✓"
"HC_Nightmares","2.75","0.50","0.10","0.95",""
"HC_Unicorn","2.55","0.39","0.10","0.82",""
"TYR_HotfootRat","0.20","0.10","0.10","0.12",""
"TYR_KangarooRat","0.20","0.10","0.10","0.12",""
"TYR_Lemming","0.20","0.10","0.10","0.12",""
"TYR_Mouse","0.20","0.10","0.10","0.12",""
"TYR_MousePoison","0.25","0.10","0.10","0.13",""
"rtp_RhodesianRidgeback","1.30","1.20","0.10","1.22","✓"
"AEXP_Hedgehog","0.23","0.05","0.10","0.09",""
"AEXP_BlackFootedFerret","0.50","0.10","0.10","0.18","✓"
"WD_Beagle","0.60","0.20","0.10","0.28",""
"WD_Boxer","1.20","0.20","0.10","0.40","✓"
"WD_Corgi","0.50","0.20","0.10","0.26",""
"WD_Dachshund","0.50","0.20","0.10","0.26",""
"WD_Dalmatian","1.00","0.20","0.10","0.36",""
"WD_Jackrussell","0.50","0.20","0.10","0.26",""
"WD_Pitbull","1.20","0.20","0.10","0.40","✓"
"WD_Pug","0.30","0.20","0.10","0.22",""
"WD_Sheepdog","1.00","0.20","0.10","0.36",""
"FEB_CryoToad","0.80","0.20","0.10","0.32",""
"StarNosedMole","0.10","0.05","0.08","0.06",""
"Boomole","0.10","0.05","0.08","0.06",""
"AA_Razorjack","1.00","0.05","0.05","0.24","✓"
"AA_Swarmling","0.30","0.16","0.05","0.19","✓"
"ACPSilkspider","0.15","0.15","0.05","0.15",""
"Nem_Woodlouse","0.15","0.25","0.05","0.23",""
"Ling_Cockroach","2.00","1.00","0.05","1.20",""
"Nem_Spider","1.00","0.20","0.04","0.36","✓"
"Nem_Cockroach","0.25","0.35","0.02","0.33",""
"AA_AcanthamoebaGiganteaSmall","0.20","0.50","0.01","0.44",""
"AA_AcanthamoebaGiganteaLarge","0.80","0.50","0.01","0.56",""
"AA_AcanthamoebaGiganteaHuge","1.50","0.50","0.01","0.70",""
"AA_AngelMothLarva","0.10","0.10","0.01","0.10",""
"AA_LarvalAtispec","0.10","0.16","0.01","0.15",""
"AA_DrainerLarva","0.10","0.10","0.01","0.10",""
"AA_EmpressButterflyLarva","0.10","0.10","0.01","0.10",""
"AA_GreenGoo","0.50","0.01","0.01","0.10",""
"AA_Locusts","0.01","4.00","0.01","3.20",""
"AA_RedGoo","0.50","0.01","0.01","0.10",""
"AA_SmallButterfly","0.01","0.01","0.01","0.01",""
"AA_TarGuzzler","2.00","0.85","0.01","1.08",""
"HC_Roc","5.50","0.42","0.01","1.44","✓"
"HC_Wyvern","4.00","0.09","0.01","0.87","✓"
"Nem_Mosquito","0.23","0.20","0.01","0.21","✓"
"Dryad_Basic","0.67","1.00","0.00","0.93",""
"Dryad_Woodmaker","0.67","1.00","0.00","0.93",""
"Dryad_Berrymaker","0.67","1.00","0.00","0.93",""
"Dryad_Medicinemaker","0.67","1.00","0.00","0.93",""
"Dryad_Gaumaker","0.67","1.00","0.00","0.93",""
"Dryad_Carrier","0.67","1.00","0.00","0.93",""
"Dryad_Clawer","0.67","1.00","0.00","0.93",""
"Dryad_Barkskin","0.65","1.00","0.00","0.93",""
"EM_FWMoth","0.10","50000.00","0.00","40000.02",""
"FEB_Toxoga","1.00","1.50","0.00","1.40",""
"CK_Peafowl","0.70","0.30","0.00","0.38",""
"CK_Junglefowl","0.40","0.30","0.00","0.32",""
"CK_Tapir","0.80","0.50","0.00","0.56",""
"CK_Okapi","1.30","0.80","0.00","0.90",""
"CK_SquirrelMonkey","0.35","0.13","0.00","0.17",""
"CK_SpiderMonkey","0.35","0.13","0.00","0.17",""
"CK_CapuchinMonkey","0.35","0.13","0.00","0.17",""
"VV_NHCP_Dryad_Cedarmaker","0.67","1.00","0.00","0.93",""
"VV_NHCP_Dryad_Ebonymaker","0.67","1.00","0.00","0.93",""
"VV_NHCP_Dryad_Mahoganymaker","0.67","1.00","0.00","0.93",""
"VV_NHCP_Dryad_Rosewoodmaker","0.67","1.00","0.00","0.93",""
"CK_Gorilla","2.00","0.54","0.00","0.83",""
