"animal","combat power","manhunt on dmg","manhunt on tame","wildness","mkt val","points"
"Phalène à plumes","0","50%","0%","1","3","3"
"Locusts","1","0%","0%","1","5","15"
"Small butterflies","1","0%","0%","1","5","15"
"Ham스터","5","0%","0%","0.4","10","45"
"Souris","5","0%","0%","0.8","10","55"
"Petite souris","5","0%","0%","0.8","10","55"
"Souris rayée","5","0%","0%","0.8","10","55"
"Souris laineuse","5","0%","0%","0.8","10","55"
"Hamster à poils longs","5","0%","0%","0.8","10","55"
"Souris à queue fine","5","0%","0%","0.8","10","55"
"Un terrier nu","5","0%","0%","0.8","10","55"
"Gerbille","5","0%","0%","0.8","10","55"
"Sauteur kangourou","5","0%","0%","0.8","10","55"
"Cockroach","5","0%","0%","0.1","30","57.5"
"Giant Woodlouse","5","5%","0%","0.1","60","88.1875"
"Pigeon","10","0%","0%","0.3","30","95"
"Angel moth larva","10","0%","0%","0.7","15","100"
"Drainer larva","10","0%","0%","0.7","15","100"
"Larval atispec","10","0%","0%","0.8","15","105"
"Hérisson","10","15%","3%","0.55","25","108.8124"
"Empress butterfly larva","10","0%","0%","0.6","50","130"
"Star-nosed mole","12","0%","0%","0.55","40","133"
"Gecko","17","5%","1%","0.1","40","136.0292"
"Rat-kangourou","12","5%","1%","0.4","50","136.2722"
"Ptarmigan","15","0%","0%","0.05","70","148.75"
"Gerbille","20","0%","0%","0.1","40","150"
"Mosquito","10","100%","0%","0.9","10","152.5"
"Silkie chicken","15","0%","0%","0","80","155"
"Honduran white bat","15","0%","0%","0.65","35","158.75"
"Eyeling","10","0%","0%","0.2","100","160"
"Ducky","25","0%","0%","0","40","165"
"White homing pigeon","20","0%","0%","0.2","50","170"
"Chipmunk","16","0%","0%","0.65","50","182"
"Dusk rat","20","0%","0%","0.5","35","185"
"Spider monkey","11","0%","0%","0.6","100","188"
"Moineau","20","0%","0%","0.6","30","190"
"Turtle dove","20","10%","3%","0.35","50","192.6005"
"Corbeau","25","10%","0%","0.25","30","194.0625"
"Poulet","30","0%","0%","0","50","200"
"Ringneck dove","20","0%","0%","0.5","50","200"
"Plover","20","1%","0%","0.5","50","200.75"
"Sandpiper","20","1%","0%","0.5","50","200.75"
"Koala","15","0%","0%","0.7","75","202.5"
"Canard","30","0%","0%","0","60","210"
"Diamond dove","20","0%","0%","0.6","50","210"
"Gécko léopard","20","1.2%","1.2%","0.5","60","211.2622"
"Cockatiel","25","0%","0%","0.3","50","212.5"
"Domestic rabbit","33","0%","0%","0","50","215"
"Budgerigar","25","30%","5%","0.15","50","216.9656"
"Larve","25","50%","0%","0.2","35","222.5"
"Blue-tailed hummingbird","25","0%","0%","0.4","50","225"
"Ragondin","20","0%","0%","0.75","50","225"
"Faisan","30","0%","0%","0","75","225"
"Merlebleu","25","0%","0%","0.6","30","230"
"Caille","25","0%","0%","0.6","30","230"
"Cinnamon ground dove","20","0%","0%","0.8","50","230"
"Mourning dove","20","0%","0%","0.8","50","230"
"Hotfoot rat","30","0%","0%","0.5","10","235"
"Kangaroo rat","30","0%","0%","0.5","10","235"
"Lemming","30","0%","0%","0.5","10","235"
"Mouse","30","0%","0%","0.5","10","235"
"Red-winged blackbird","25","0%","0%","0.5","50","237.5"
"Ara","25","0%","0%","0.25","90","246.25"
"Spider","20","10%","0%","0.5","90","247.5"
"Yorkshire Terrier","30","0%","0%","0","100","250"
"Fancy rat","30","0%","0%","0.4","40","250"
"Teckel à poil dur","30","0%","0%","0","100","250"
"Blue-and-yellow macaw","25","10%","0%","0.3","80","250.625"
"Military macaw","25","10%","0%","0.3","80","250.625"
"Scarlet macaw","25","10%","0%","0.3","80","250.625"
"Catalina macaw","25","10%","0%","0.3","80","250.625"
"Shamrock macaw","25","10%","0%","0.3","80","250.625"
"Harlequin macaw","25","10%","0%","0.3","80","250.625"
"Hedgehog","22","15%","3%","0.55","70","254.3872"
"Chien de prairie","30","0%","0%","0.5","30","255"
"Ouaouaron","30","8%","2%","0.5","25","259.936"
"Pika","30","0%","0%","0.5","35","260"
"Agouti hamster","20","0.1%","0%","0","160","260.05"
"Poison mouse","30","30%","8%","0.45","10","264.127"
"Pearl hamster","20","10%","2%","0.05","160","270.691"
"Blue sapphirer hamster","20","10%","2%","0.05","160","270.691"
"Pudding hamster","20","10%","2%","0.05","160","270.691"
"Junglefowl","35","0%","0%","0.09","80","270.75"
"Seagull","25","1%","0%","0.55","80","274.7188"
"Chat","35","0%","0%","0","100","275"
"Tortie","35","0%","0%","0","100","275"
"Beagle","35","0%","0%","0","100","275"
"Raton laveur","35","0%","0%","0","100","275"
"Lapin angora","25","0%","0%","0.01","150","276.25"
"Rat","30","25%","5%","0.42","35","277.0212"
"House finch","20","10%","2%","0.68","100","277.1056"
"Aerofleet","20","0%","0%","0.6","120","280"
"Red panda","25","0%","0%","0.2","130","280"
"Blue jay","20","0%","0%","0.8","100","280"
"Cardinal","20","0%","0%","0.8","100","280"
"Goldfinch","20","0%","0%","0.8","100","280"
"Oriole","20","0%","0%","0.8","100","280"
"Zebra finch","20","0%","0%","0.8","100","280"
"Loutre","30","0%","0%","0.5","60","285"
"Snowrat","35","0%","0%","0.4","40","285"
"Sea otter","30","0%","0%","0.5","60","285"
"Black-winged cuckooshrike","30","6%","2%","0.55","50","290.4329"
"Ouaouaron","30","8%","2%","0.5","60","294.936"
"White-browed triller","30","10%","2%","0.55","50","295.1015"
"Porc-épic","30","0%","0%","0.75","35","297.5"
"Belette","30","0%","0%","0.55","65","297.5"
"Teckel à poil court","30","0%","0%","0","150","300"
"Teckel à poil long","30","0%","0%","0","150","300"
"Rat musqué","20","0%","0%","0.75","125","300"
"Black capped conure","20","0%","0%","0.5","150","300"
"Crimson bellied conure","20","0%","0%","0.5","150","300"
"Golden conure","20","0%","0%","0.5","150","300"
"Nanday conure","20","0%","0%","0.5","150","300"
"Pineapple green cheek conure","20","0%","0%","0.5","150","300"
"Sun conure","20","0%","0%","0.5","150","300"
"Turquoise green cheek conure","20","0%","0%","0.5","150","300"
"Bouledogue français","30","0%","0%","0","150","300"
"Dryade immature","40","100%","0%","0","1","301"
"Dryade sylvicultrice","40","100%","0%","0","1","301"
"Dryade maraîchère","40","100%","0%","0","1","301"
"Dryade pharmacienne","40","100%","0%","0","1","301"
"Dryade gaucultrice","40","100%","0%","0","1","301"
"Dryade porteuse","40","100%","0%","0","1","301"
"Dryade griffe","40","100%","0%","0","1","301"
"Dryade peau d'écorce","40","100%","0%","0","1","301"
"Cedarmaker dryad","40","100%","0%","0","1","301"
"Ebonymaker dryad","40","100%","0%","0","1","301"
"Mahoganymaker dryad","40","100%","0%","0","1","301"
"Rosewoodmaker dryad","40","100%","0%","0","1","301"
"Jackalope","25","0%","0%","0.75","90","308.75"
"Angora rabbit","15","0%","0%","0","240","315"
"Raven","35","5%","5%","0.3","80","315.5194"
"Ptarmigan","32","5%","1%","0.02","150","317.6146"
"BloodScarab","40","50%","0%","0.1","50","325"
"Écureuil","33","8%","3%","0.72","35","331.9229"
"Fission mouse","35","0%","0%","0.7","35","332.5"
"Fission mouse, second generation","35","0%","0%","0.7","35","332.5"
"Fission mouse, third generation","35","0%","0%","0.7","35","332.5"
"Castor","25","2%","2%","0.68","120","332.9484"
"Lièvre des neiges","33","0%","0%","0.75","50","338.75"
"Artic hare","33","0%","0%","0.75","50","338.75"
"Philippine fairy-bluebird","30","5%","2%","0.58","100","343.8967"
"Chromabird","25","0%","0%","0.5","160","347.5"
"Lapin angora","33","0%","0%","0.6","85","349"
"Cocker spaniel","30","0%","0%","0","200","350"
"Corgi","30","0%","0%","0","200","350"
"Cottonfoot","33","0%","0%","0.25","150","356.25"
"Swarmling","35","0%","0%","0.85","35","358.75"
"Hedgehog","25","15%","3%","0.55","150","359.5309"
"Chat blanc","35","0%","0%","0.2","150","360"
"Kuroneko","35","0%","0%","0.2","150","360"
"Chat tigré","35","0%","0%","0.2","150","360"
"American Shorthair","35","0%","0%","0.2","150","360"
"Siam","35","0%","0%","0.2","150","360"
"Bobtail japonais","35","0%","0%","0.2","150","360"
"Lièvre","33","20%","5%","0.72","50","365.3018"
"Écureuil géant indien","38","0%","0%","0.75","35","367.5"
"Meerkat","35","0%","0%","0.25","150","368.75"
"Dindon","50","20%","0%","0","100","375"
"Chat abyssin","35","0%","0%","0","200","375"
"Chat-léopard","35","0%","0%","0","200","375"
"Chat british à poil court","35","0%","0%","0","200","375"
"Chat munchkin","35","0%","0%","0","200","375"
"Chat norvégien","35","0%","0%","0","200","375"
"Chat persan","35","0%","0%","0","200","375"
"Chat siamois","35","0%","0%","0","200","375"
"Chat somali","35","0%","0%","0","200","375"
"Chat sphynx","35","0%","0%","0","200","375"
"Cayuga","50","1%","1%","0.15","90","379.5154"
"Singe","35","0%","0%","0.6","100","380"
"Squirrel monkey","35","0%","0%","0.6","100","380"
"Capuchin monkey","35","0%","0%","0.6","100","380"
"Oie","35","10%","0%","0.6","90","384"
"Lapin en chocolat","33","0%","0%","0","230","395"
"Murkling","40","25%","0%","0.6","35","395"
"Mégascarabée","40","50%","0%","0.2","100","400"
"Iguane","40","0%","0%","0.5","100","400"
"Possum","35","0%","0%","0.75","100","406.25"
"Héron","40","0%","0%","0.45","120","410"
"Vautour","40","0%","0%","0.45","120","410"
"Perroquet","30","0%","0%","0.4","200","410"
"Perroquet","30","0%","0%","0.4","200","410"
"Bleu russe","35","0%","0%","0.2","200","410"
"Perse","35","0%","0%","0.2","200","410"
"Scottish Fold","35","0%","0%","0.2","200","410"
"Scottish Fold à poil long","35","0%","0%","0.2","200","410"
"Peregrine falcon","40","5%","5%","0.6","80","411.28"
"Cobaye","33","0%","0%","0.6","150","414"
"Chinchilla","33","0%","0%","0.6","150","414"
"Putois à pieds noirs","30","0%","0%","0.6","175","415"
"Ferret","30","0%","0%","0.35","215","417.5"
"Boomole","38","0%","0%","0.7","95","418"
"Pug","20","20%","0.5%","0.1","300","421.121"
"Thorny devil","38","0%","0%","0.7","100","423"
"Chèvre","45","0%","0%","0","200","425"
"Cochon","45","0%","0%","0","200","425"
"Toxirat","40","50%","20%","0.5","35","425"
"Toucan","30","0%","0%","0.5","200","425"
"Cochon du berkshire","45","0%","0%","0","200","425"
"Cochon laitier","45","0%","0%","0","200","425"
"Porc duroc","45","0%","0%","0","200","425"
"Cochon de selle","45","0%","0%","0","200","425"
"Cochon laineux","45","0%","0%","0","200","425"
"Ferret","45","10%","2%","0.4","100","432.073"
"Armadillo","25","3%","2%","0.45","250","434.7046"
"Raton laveur","35","30%","8%","0.65","100","437.3755"
"Baby seal","20","0%","0%","0.5","290","440"
"Boom bat","40","0%","0%","0.75","90","440"
"Vulture","40","10%","10%","0.6","100","442.72"
"Lémurien","35","0%","0%","0.7","150","447.5"
"Phoenix owlcat","33","0%","0%","0.2","250","448"
"Vison","33","0%","0%","0.75","160","448.75"
"Carlin","30","0%","0%","0","300","450"
"Shih tzu","30","0%","0%","0","300","450"
"Shetland pony","35.08","10%","0%","0.1","250","452.587"
"Flamant rose","40","20%","5%","0.5","120","453.3"
"Calao","30","0%","0%","0.7","200","455"
"Infected aerofleet","35","0%","0%","0.6","180","460"
"Caica parrot","30","0%","0%","0.4","250","460"
"Lizard doggo","40","0%","0%","0.05","250","460"
"Dindon de la brosse","50","0%","0%","0.45","100","462.5"
"Egret","35","2%","0%","0.6","180","462.8"
"Ibis","35","2%","0%","0.6","180","462.8"
"Pelican","35","2%","0%","0.6","180","462.8"
"Spoonbill","35","2%","0%","0.6","180","462.8"
"Aonyx cinerea","50","40%","5%","0.2","100","463.6"
"Paon","40","0%","0%","0.45","180","470"
"Cormorant","35","2%","0%","0.65","180","471.6375"
"Jack Russell Terrier","30","10%","1%","0.1","300","473.5965"
"Sabertooth squirrel","45","0%","0%","0.75","80","473.75"
"Neck","50","0%","0%","0.5","100","475"
"Chouette effraie","40","25%","8%","0.65","100","477.19"
"Cacatoès","40","0%","0%","0.4","200","480"
"Chihuahua","30","0%","0%","0","330","480"
"Forest owlcat","45","0%","0%","0.25","200","481.25"
"Arctic owlcat","45","0%","0%","0.25","200","481.25"
"Beagle","30","20%","0.4%","0.1","300","481.6452"
"Corgi","30","20%","0.5%","0.1","300","481.6815"
"Mouton","55","0%","0%","0","210","485"
"Manchot sauteur","40","15%","5%","0.7","120","489.155"
"Tetras","50","0%","0%","0.45","130","492.5"
"Bernard l'ermite","50","0%","0%","0.75","60","497.5"
"Assaf ewe","55","0%","0%","0.05","210","498.75"
"Border leicester ewe","55","0%","0%","0.05","210","498.75"
"Lincoln ewe","55","0%","0%","0.05","210","498.75"
"Brebis de suffolk","55","0%","0%","0.05","210","498.75"
"Gazelle","40","0%","0%","0.75","150","500"
"Oie sauvage","40","50%","35%","0.6","75","503"
"Acanthamoeba gigantea, small","50","0%","0%","0.42","150","505"
"Great bustard","45","0%","0%","0.45","180","506.25"
"Cactipine","30","100%","20%","0.75","100","509.5"
"Majorera goat","55","0%","0%","0.05","225","513.75"
"Dodo","45","0%","0%","0.75","120","513.75"
"Needleroll","33","0%","0%","0.6","250","514"
"Ringnecked parakeet","70","0%","0%","0.15","120","522.5"
"Escargot de lave","55","0%","0%","0.25","180","523.75"
"Cochon du gloucestershire","45","0%","0%","0","300","525"
"Caniche","55","0%","0%","0","250","525"
"Ironcasket beetle","50","20%","0%","0.2","200","530"
"Boule de poussière","33","0%","0%","0.4","300","531"
"Tête de cuivre","45","10%","10%","0.75","110","531.7062"
"Serpent corail","45","10%","10%","0.75","110","531.7062"
"Bouche de coton","45","10%","10%","0.75","110","531.7062"
"Serpent vert","45","10%","10%","0.75","110","531.7062"
"Serpent de boue","45","10%","10%","0.75","110","531.7062"
"Crotale rouge","45","10%","10%","0.75","110","531.7062"
"Serpent roi écarlate","45","10%","10%","0.75","110","531.7062"
"Crotale des bois","45","10%","10%","0.75","110","531.7062"
"Vipère jaune","45","10%","10%","0.75","110","531.7062"
"Garter Snake","35","2%","3%","0.65","250","543.3873"
"Capybara","45","0%","0%","0.75","150","543.75"
"Tatou","45","0%","0%","0.75","150","543.75"
"Bardelot","45","0%","0%","0.75","150","543.75"
"Peccary","50","0%","2.5%","0.45","180","544.3125"
"Bonobo","35","20%","5%","0.8","200","549.965"
"Misthare","50","0%","0%","0.4","200","550"
"Welsh terrier","60","0%","0%","0","250","550"
"Samoyède","60","0%","0%","0","250","550"
"Quaker parrot","75","0%","0%","0.15","120","551.25"
"Brebis mérinos","55","0%","0%","0.25","210","553.75"
"Panda roux","35","0%","0%","0.75","250","556.25"
"Painted snapvine turtle","55","1%","1%","0.15","240","558.4669"
"Woolly bufflehead","55","0%","0%","0.25","220","563.75"
"Cryotoad","55","0%","0%","0.25","220","563.75"
"Dachshund","40","40%","0.5%","0.1","300","564.264"
"Lévrier borzoï","45","35%","0%","0","300","564.375"
"Ocular jelly","35","0%","0%","0.8","250","565"
"Cygne","40","50%","5%","0.45","200","566.125"
"Shock goat","30","20%","5%","0.3","350","566.645"
"Locuste","55","50%","0%","0.3","120","566.875"
"Rottweiler","65","0%","0%","0","250","575"
"Carolina parakeet","70","0%","0%","0.25","140","577.5"
"Munchkin cat","55","0%","0%","0.2","250","580"
"Sheepdog","40","10%","0.5%","0.1","350","581.231"
"Rataboum","55","0%","0%","0.75","100","581.25"
"Rudder duck","60","3%","3%","0.15","230","582.2761"
"Border collie","45","55%","0%","0","300","586.875"
"Chat des forêts norvégiennes","65","0%","0%","0.2","200","590"
"Flamingo phoenix","47","20%","5%","0.5","200","591.6275"
"Fennec","45","0%","0%","0.75","200","593.75"
"Renard roux","45","0%","0%","0.75","200","593.75"
"Renard arctique","45","0%","0%","0.75","200","593.75"
"Gray fox","45","0%","0%","0.75","200","593.75"
"Sand fox","45","0%","0%","0.75","200","593.75"
"Silver fox","45","0%","0%","0.75","200","593.75"
"Tibetan fox","45","0%","0%","0.75","200","593.75"
"Maikong","45","0%","0%","0.75","200","593.75"
"African grass owl","35","10%","0%","0.6","300","594"
"Crapaud colosse","60","0%","0%","0.25","220","595"
"Labrador","70","0%","0%","0","250","600"
"Labrador retriever brun","70","0%","0%","0","250","600"
"Sheepdog","70","0%","0%","0","250","600"
"Crécerelle","50","20%","5%","0.45","200","602.7375"
"Awassi ewe","55","0%","0%","0.45","210","608.75"
"Mouflon ewe","55","0%","0%","0.45","210","608.75"
"King penguin","70","0%","0.15%","0","260","610.105"
"Sanglier","55","0%","0%","0.5","200","612.5"
"Duck-billed platypus","40","0%","0%","0.85","250","620"
"Zarander","45","0%","0%","0.07","380","620.75"
"Bighorn ewe","55","0%","0%","0.5","210","622.5"
"Jacobs ewe","55","0%","0%","0.5","210","622.5"
"Husky","75","0%","0%","0","250","625"
"Varan","60","0%","0%","0.5","175","625"
"Addax","40","2%","2%","0.85","250","625.1948"
"Gemsbok","40","2%","2%","0.85","250","625.1948"
"Mud turtle","55","2%","0%","0.55","200","630.5125"
"Tapir","55","0%","2.5%","0.75","150","633.6563"
"Bongo","40","2%","2%","0.9","250","635.3352"
"Dalmatian","50","10%","0.6%","0.2","320","635.378"
"Animus vox","45","0%","0%","0.5","300","637.5"
"Toxiguana","65","0%","0%","0.5","150","637.5"
"Bull terrier","45","85%","30%","0","300","639.8625"
"Drainer","45","10%","2%","0.65","250","641.3718"
"Bedbug","40","100%","20%","0.75","100","646"
"Shiba inu","65","45%","0%","0","250","648.125"
"Schnauzer nain","65","15%","0%","0","300","649.375"
"Corgi","65","15%","0%","0","300","649.375"
"Chow-chow","65","15%","0%","0","300","649.375"
"Crystalmit","50","0%","0%","0.6","250","650"
"Golden retriever","70","0%","0%","0","300","650"
"Valboar","60","0%","0%","0.5","200","650"
"Kit fox","45","30%","8%","0.72","200","652.1708"
"Creamgrub","25","50%","0%","0.3","450","653.125"
"Tapir","45","0%","0%","0.57","300","653.25"
"Pitbull","45","50%","1%","0.1","350","659.9938"
"Sun conure","80","0%","0%","0.2","180","660"
"Shiba Inu","35","45%","0%","0","450","664.375"
"Phoque","50","0%","0%","0.5","290","665"
"Carlin","65","25%","0%","0","300","665.625"
"Ermine","40","100%","2.5%","0.55","200","667.325"
"Moleroach","75","50%","0%","0","200","668.75"
"Collecteur compulsif","45","5%","1%","0.6","300","669.738"
"Packaroo","45","5%","1%","0.6","300","669.738"
"Vache","75","0%","0%","0","300","675"
"Pebblemit","50","0%","0%","0.7","250","675"
"Mastiff","75","0%","0%","0","300","675"
"Vache Limousine","75","0%","0%","0","300","675"
"Vache Prim’holstein","75","0%","0%","0","300","675"
"Wooly cow","75","0%","0%","0","300","675"
"Aurora sylph","45","10%","2%","0.8","250","676.951"
"Teckel nain","65","35%","0%","0","300","681.875"
"Caniche royal","65","35%","0%","0","300","681.875"
"Fox Squirrel","45","5%","5%","0.65","300","684.3365"
"Gutterhog","45","20%","3%","0.35","350","686.1298"
"Cerf d'eau","50","0%","0%","0.75","250","687.5"
"Cerf pestilent","50","0%","0%","0.75","250","687.5"
"Crabe rouge","70","0%","0%","0.75","80","692.5"
"Argali","50","2%","2%","0.75","250","693.6425"
"Coyote","55","10%","10%","0.85","150","694.8713"
"Coyote arctique","55","10%","10%","0.85","150","694.8713"
"Kiwi","70","0%","0%","0.8","65","695"
"Alphacastor","40","50%","10%","0.75","250","696.25"
"Kai Ken","35","35%","0%","0.2","450","696.75"
"Lévrier afghan","65","45%","0%","0","300","698.125"
"African wild dog","65","0%","0%","0.6","180","700"
"Zèbre","50","0%","0%","1","200","700"
"Saint-Bernard","80","0%","0%","0","300","700"
"Tortue du désert","50","0%","0%","0.8","250","700"
"Pangolin","60","0%","0%","0.75","180","705"
"Mink","45","10%","5%","0.7","300","705.6412"
"Aigle hibou","60","0%","0%","0.7","200","710"
"Yippa","50","0%","0%","0.25","400","712.5"
"Colley","65","55%","0%","0","300","714.375"
"Berger anglais ancien","65","55%","0%","0","300","714.375"
"Reddish egret","85","0%","0%","0.1","250","717.5"
"Snowy egret","85","0%","0%","0.1","250","717.5"
"Âne","80","0%","0%","0","320","720"
"Ornithorynque","65","0%","0%","0.85","120","721.25"
"Golden retriever","65","55%","10%","0","300","722.6625"
"Green goo","75","0%","0%","0.6","125","725"
"Rabbuck","50","0%","0%","0.7","300","725"
"Toxoga","15","0%","0%","0","650","725"
"River otter","55","0%","0%","0.65","275","728.75"
"Maine Coon","80","0%","0%","0.2","250","730"
"Toxirenard","55","0%","0%","0.75","250","731.25"
"Grey fox","45","0%","0%","0.65","360","731.25"
"Eclectus parrot","70","0%","0%","0.75","120","732.5"
"Desert razorbill","65","5%","5%","0.55","220","741.5072"
"Vache suisse brune","75","0%","0%","0.05","350","743.75"
"Vache frisonne holstein","75","0%","0%","0.05","350","743.75"
"Vache en jersey","75","0%","0%","0.05","350","743.75"
"Vache limousine","75","0%","0%","0.05","350","743.75"
"Megalenhydris","64","0%","0%","0.7","200","744"
"Lévrier greyhound","65","65%","20%","0","300","747.85"
"Red goo","75","0%","0%","0.6","150","750"
"Borzoï","70","0%","0%","0","400","750"
"Doberman","65","80%","0%","0","300","755"
"Alpaga","65","0%","0%","0.25","350","756.25"
"Pingouin","70","0%","0%","0.45","250","757.5"
"Monstre de gila","70","0%","0%","0.6","200","760"
"Vache angus","75","0%","0%","0.1","350","762.5"
"Vache brahmanique","75","0%","0%","0.1","350","762.5"
"Vache hariana","75","0%","0%","0.1","350","762.5"
"Vache hereford","75","0%","0%","0.1","350","762.5"
"Sanglier pestilent","75","0%","0%","0.5","200","762.5"
"Campagnol géant","70","10%","0%","0.4","250","764.5"
"Great pyrenees","75","0%","0%","0.25","300","768.75"
"Yak","75","0%","0%","0.2","320","770"
"Cerf","50","40%","10%","0.7","250","770.2"
"Mégascorpion","55","50%","0%","0.95","100","770.3125"
"Racoon dog","45","2.5%","2.5%","0.85","350","773.5604"
"Bouquetin","50","50%","10%","0.65","250","775.9375"
"Ankole watusi cow","75","0%","0%","0.15","350","781.25"
"Brava cow","75","0%","0%","0.15","350","781.25"
"Vache des hauts plateaux","75","0%","0%","0.15","350","781.25"
"Boombat","75","0%","0%","0.7","150","787.5"
"Boxer","70","30%","0.5%","0.1","350","793.1927"
"Dingo","75","5%","5%","0.4","250","793.5062"
"Palamute","75","0%","0%","0.45","250","793.75"
"Frostmite","80","0%","0%","0.7","120","800"
"Berger allemand","80","0%","0%","0","400","800"
"Vache longhorn","75","0%","0%","0.2","350","800"
"Méga-poulet","30","0%","0%","0","650","800"
"Dire rat","75","10%","10%","0.75","100","802.8438"
"Hyène","60","18%","16%","0.85","185","809.3084"
"Spélopède","75","50%","0%","0.3","200","809.375"
"Llama","75","30%","0%","0","380","811.25"
"Tapir","65","0%","0%","0.65","275","811.25"
"Tortue","70","0%","0%","0.75","200","812.5"
"Léopard tortue","70","0%","0%","0.75","200","812.5"
"Tortue à pieds rouges","70","0%","0%","0.75","200","812.5"
"Golden jackal","70","5%","5%","0.7","200","815.9738"
"Ver","65","5%","2.5%","0.25","400","818.4883"
"Vache zébu","75","0%","0%","0.25","350","818.75"
"Corgi","35","0%","0%","0","650","825"
"Berger caucasien","65","55%","10%","0.25","300","828.3281"
"Synthetion","55","20%","0%","0.75","300","829.375"
"Vache boomoo","75","0%","0%","0.3","350","837.5"
"Blaireau","50","100%","50%","0.8","100","842.5"
"Sandshell turtle","75","5%","0%","0.55","250","845.7813"
"Mandrill","65","0%","0%","0.8","275","860"
"Dromadaire","90","0%","0%","0.25","300","862.5"
"Tortue de mer","70","0%","0%","0.75","250","862.5"
"Dwarven muffton","65","20%","0%","0.45","350","868.375"
"Moleroach","75","50%","0%","0","400","868.75"
"Apotheca","35","0%","0%","0.25","650","868.75"
"Slaty egret","85","60%","10%","0.1","250","869.905"
"Vallhund suédois","40","20%","0%","0","650","870"
"Lion de mer","70","10%","0%","0.5","320","871.25"
"Cattle egret","85","8%","2%","0.4","250","871.2752"
"Okapi","60","0%","0%","0.75","350","875"
"Cobra","65","50%","10%","0.75","150","875.1563"
"Belette","65","25%","15%","0.8","200","877.8688"
"Acanthamoeba gigantea, large","75","0%","0%","0.42","350","882.5"
"Chameau","90","0%","0%","0.25","320","882.5"
"Hyacinth macaw","80","0%","0%","0.55","270","890"
"Kea","80","0%","0%","0.55","270","890"
"Hokkaidō Ken","75","35%","0%","0","450","890.625"
"Black scarab","50","95%","20%","0.95","150","897.825"
"Arcturan sky eel","80","10%","10%","0.75","150","899.7"
"Bullmastiff","65","85%","20%","0.25","300","902.0625"
"Wiggleneck turtle","90","15%","5%","0.35","250","909.5931"
"Terramorph","80","0%","0%","0.65","250","910"
"Giant crowned silkie","90","5%","3%","0.1","400","910.4193"
"Opossum","76","20%","10%","0.32","350","912.7952"
"Quackodile","55","10%","10%","0.75","400","915.4188"
"Chien des marais","70","50%","30%","0.5","220","915.625"
"Sparaken","60","65%","20%","0.75","200","923.45"
"Dogue allemand","55","0%","0%","0","650","925"
"Great egret","85","25%","8%","0.4","250","930.085"
"Paraken","60","50%","50%","0.8","200","942.5"
"Penglenken","60","50%","50%","0.8","200","942.5"
"Vulaken","60","50%","50%","0.8","200","942.5"
"Desert sparaken","60","50%","50%","0.8","200","942.5"
"Ferrohorn","100","20%","0%","0.1","350","955"
"Panda","80","0%","0%","0.4","400","960"
"Grey-coated mouflon","40","10%","2%","0.5","650","966.26"
"Souris à queue épineuse","55","10%","5%","0.6","500","966.62"
"Dark vandal","65","95%","4%","0.6","200","973.136"
"Sanguine Deer","50","100%","60%","0.65","300","993"
"Hauler ant","45","50%","0%","0.6","550","1000"
"Jerbal","75","0%","0%","0.5","450","1012.5"
"Serval","80","10%","10%","0.8","250","1021.12"
"Saint-bernard","65","55%","10%","0","600","1022.662"
"Chat maine coon","55","0%","0%","0","750","1025"
"Casoar","60","100%","10%","0.8","200","1026.2"
"Kelenken","60","100%","10%","0.8","200","1026.2"
"Pileaken","60","90%","30%","0.8","200","1029.98"
"Heronken","60","90%","30%","0.8","200","1029.98"
"Toxilope","80","10%","10%","0.6","350","1035.44"
"Bobeene","75","0%","0%","0.3","550","1037.5"
"Shikoku Ken","100","35%","0%","0","450","1037.5"
"Leadbelly cow","75","0%","0%","0.3","550","1037.5"
"Fire wasp","80","2%","2%","0.7","350","1039.547"
"Serpent à sonnette","85","10%","40%","0.75","200","1043.412"
"Gnou","75","20%","23%","0.65","340","1051.934"
"Thrinaxodon","85","30%","20%","0.85","120","1060.355"
"Mégatardi","100","5%","3%","0.4","350","1071.805"
"Greater mallard","100","0%","0%","0.55","300","1075"
"Morse","70","50%","10%","0.75","300","1080.938"
"Lilac megakeet","80","0%","0%","0.3","570","1090"
"Desert ave","70","25%","4%","0.75","400","1094.575"
"Hydre","85","50%","10%","0.75","150","1098.281"
"Angel moth","75","10%","2%","0.65","450","1102.286"
"Meadow ave","70","12%","12%","0.85","400","1102.822"
"Crabes géants","55","15%","5%","0.7","600","1107.588"
"Devil sheep","30","100%","30%","0.3","800","1110.05"
"Mandrill","65","0%","0%","0.6","600","1120"
"Touken","60","90%","90%","0.8","200","1123.94"
"Kangourou","110","0%","0%","0.6","250","1130"
"Ray-hound","95","20%","2%","0.3","450","1131.967"
"Beech marten","55","5%","5%","0","850","1134.694"
"Japanese marten","55","5%","5%","0","850","1134.694"
"Boomalope","80","30%","5%","0.7","350","1139.82"
"Pangolin géant","45","0%","0%","0.75","750","1143.75"
"Chameleon yak","100","0%","0%","0.6","350","1150"
"Spined gow","100","0%","0%","0.6","350","1150"
"Rat fléau","65","25%","10%","0.75","500","1152.641"
"Barogoth","100","10%","0%","0.55","340","1153.75"
"Kishū Ken","100","35%","0%","0.2","450","1155"
"Muffalo","100","60%","3%","0.32","300","1163.148"
"Royal ave","55","10%","1.8%","0.45","750","1170.195"
"Red panda","76","3%","1%","0.3","670","1172.413"
"Gigantelope","90","0%","0%","0.5","500","1175"
"Komodo dragon","75","0%","0%","0.8","500","1175"
"Maned wolf","100","5%","5%","0.7","300","1179.963"
"Nilgiri marten","55","5%","5%","0","900","1184.694"
"Lynx","80","50%","20%","0.8","250","1186"
"Bison","100","10%","0%","0.6","350","1190"
"Thunderox","100","10%","0%","0.6","350","1190"
"Ruby megakeet","90","10%","10%","0.3","570","1196.535"
"Grue","75","20%","0%","0.75","475","1196.875"
"Terre-neuve","65","50%","0%","0","800","1206.25"
"Rockbull","110","20%","0%","0.35","400","1216.75"
"Arctic razorbill","100","5%","5%","0.85","260","1217.606"
"Giant star tortoise","95","25%","10%","0.6","350","1222.1"
"Cheval","100","0%","0%","0.35","550","1225"
"Varan du nil","120","2%","5%","0.6","250","1229.296"
"Gigantelope","100","20%","1%","0.6","350","1231.76"
"Akita Inu","100","35%","0%","0","650","1237.5"
"Bouvier bernois","60","35%","0%","0","900","1252.5"
"Agaripawn","120","0%","1.8%","0.75","200","1253.78"
"Wildpawn","120","0%","1.8%","0.75","200","1253.78"
"Eider pintail","110","15%","5%","0.35","450","1256.169"
"Pilgrim","100","10%","0%","0.35","550","1258.75"
"Wapiti","110","0%","0%","0.75","300","1262.5"
"Lox","100","20%","0%","0.75","300","1262.5"
"Lost mamuffalo","90","12%","8%","0.58","500","1265.719"
"Empress butterfly","75","0%","0%","0.65","650","1268.75"
"Girafe","75","0%","0%","0.65","650","1268.75"
"Boommarten","55","0%","0%","0","1000","1275"
"Steelshell","75","5%","0%","0.55","680","1275.781"
"Glouton","70","100%","50%","0.95","150","1276.125"
"Fjord horse","93.44","10%","0%","0.1","750","1289.616"
"Dhole","75","10%","10%","0.85","550","1293.006"
"Border collie","90","20%","0.5%","0","800","1295.495"
"Megascorpion","95","50%","8%","0.95","120","1296.338"
"Quarter horse","100","0%","0%","0.5","550","1300"
"Chromatic flower wolf","75","100%","30%","0.85","200","1303.063"
"Red wolf","75","70%","10%","0.85","350","1305.294"
"Cactus mantis","100","35%","35%","0.95","80","1305.819"
"Woodland mamuffalo","90","15%","5%","0.65","500","1306.169"
"Caribou","110","10%","0%","0.75","300","1310.625"
"Appaloosa horse","100","10%","0%","0.1","750","1327.5"
"Paint horse","100","10%","0%","0.1","750","1327.5"
"Quarter horse","100","10%","0%","0.1","750","1327.5"
"Frost ave","80","45%","10%","0.86","400","1329.628"
"Thylacine","85","0%","0%","0.6","650","1330"
"Pallas' cat","110","10%","10%","0.8","275","1335.29"
"Yellow-throated marten","60","25%","5%","0","1000","1340.875"
"Megaferret","55","0%","0%","0.45","950","1348.75"
"Belgian Malinois","180","10%","2%","0","400","1348.78"
"Needlepost","90","0%","0%","0.6","630","1350"
"Palomino","100","0%","0%","0.5","600","1350"
"Babouin","105","35%","25%","0.75","230","1363.508"
"Night ave","90","25%","7.5%","0.88","400","1366.026"
"Mustang horse","95.08","10%","0%","0.25","750","1373.963"
"Red spore","125","0%","0%","0.8","250","1375"
"Snow mamuffalo","90","22%","12%","0.72","500","1379.759"
"Quagga","80","10%","0%","0.5","750","1380"
"Bœuf musqué","110","10%","0%","0.75","370","1380.625"
"Nightmule","125","0%","0%","0.65","350","1381.25"
"White horse","80","0%","0%","0.5","800","1400"
"Diable de Tasmanie","80","100%","0%","0.6","450","1410"
"Blaireau européen","100","100%","0%","0.75","110","1422.5"
"Coldwarg","90","45%","35%","0.65","450","1423.232"
"Émeu","70","100%","100%","0.95","200","1428.5"
"Acanthamoeba gigantea, huge","105","0%","0%","0.42","700","1445.5"
"Pedigreed raptor","50","50%","10%","0.25","1050","1448.438"
"Slurrypede","100","0%","0%","0.6","650","1450"
"Gypsy Vanner horse","100","10%","0%","0.05","900","1451.25"
"Fisher","90","100%","7.5%","0.9","150","1451.737"
"Loup des bois","75","100%","30%","0.85","350","1453.063"
"Loup arctique","75","100%","30%","0.85","350","1453.063"
"Berger allemand","160","35%","35%","0","450","1455.8"
"Bush dog","100","50%","15%","0.8","300","1458.75"
"Colossal aerofleet","120","0%","0%","0.8","400","1480"
"Lycaon","75","15%","5%","0.85","750","1503.239"
"Peafowl","35","0%","0%","0.45","1250","1503.75"
"Bumbledrone","120","10%","10%","0.8","350","1506.68"
"Black horse","95","0%","0%","0.5","800","1512.5"
"Autruche","85","100%","10%","0.95","250","1517.988"
"Black spelopede","85","95%","20%","0.95","250","1521.302"
"Emperor vulture","110","30%","30%","0.6","450","1522.72"
"Irish Draught horse","119.67","10%","0%","0.1","850","1541.094"
"Shire horse","119.67","10%","0%","0.1","850","1541.094"
"Przewalski horse","86.56","10%","0%","0.65","800","1549.826"
"Pine marten","70","8%","5%","0","1200","1567.64"
"Connemara horse","95.41","10%","0%","0.15","1000","1576.038"
"Python","75","100%","2.5%","0.75","600","1589.297"
"Élan","125","20%","10%","0.75","375","1602.188"
"Toughback","95","25%","10%","0.95","550","1612.872"
"Rockbull","110","20%","0%","0.35","800","1616.75"
"Silkspider","20","0%","0%","0.2","1500","1620"
"Girafe","110","0%","0%","0.5","800","1625"
"Zèbre","80","70%","15%","0.85","600","1628.97"
"Emperor penguin","150","0%","5%","0","875","1632.5"
"Nightram","125","0%","0%","0.75","550","1643.75"
"Shadow charger","125","10%","0%","0.7","550","1665.625"
"Mamuffalo","90","20%","10%","0","1200","1704.9"
"Snow leopard","120","10%","10%","0.8","550","1706.68"
"Muffalo pestilent","150","10%","0%","0.6","450","1710"
"Léopard des neiges","120","20%","20%","0.8","480","1715.52"
"Grand rat","160","10%","10%","0.6","350","1720.88"
"Rim marten","70","40%","10%","0","1300","1728.4"
"Amur leopard","110","50%","30%","0.8","420","1731.75"
"Snow leopard","110","50%","30%","0.8","420","1731.75"
"Silver mole","33","0%","0%","0.6","1500","1764"
"Rhodesian ridgeback","160","35%","15%","0","810","1778.2"
"Sable","60","5%","2%","0","1500","1808.73"
"Cheetah","120","50%","30%","0.8","380","1811"
"Mégaraignée","150","50%","0%","0.4","500","1812.5"
"Gorilla","120","50%","10%","0.6","600","1824"
"Cougar","120","50%","30%","0.8","400","1831"
"Léopard","120","50%","30%","0.8","400","1831"
"Guépard","120","50%","30%","0.8","400","1831"
"Jaguar","120","50%","30%","0.8","400","1831"
"Northern lynx","120","50%","30%","0.8","400","1831"
"Tiger","120","50%","30%","0.8","400","1831"
"White tiger","120","50%","30%","0.8","400","1831"
"Snow leopard","120","50%","30%","0.8","400","1831"
"Jaguar","120","50%","30%","0.8","400","1831"
"Woolyhorse","85","100%","7.5%","0.85","650","1847.066"
"Alligator","120","50%","30%","0.9","350","1860.5"
"Metallovore","150","80%","2%","0.65","150","1889.43"
"Paon vert","40","0%","0%","0.45","1600","1890"
"Paon rouge","40","0%","0%","0.45","1600","1890"
"Bumbledrone queen","150","10%","10%","0.8","450","1895.85"
"Luciferbug","100","100%","20%","0.15","1000","1897"
"Frostbound behemoth","180","0%","0%","0.45","600","1905"
"Orang-outan","135","20%","5%","0.55","750","1912.384"
"Thoroughbred horse","100","10%","0%","0.2","1300","1930"
"Crescendo anole","175","0%","0%","0.7","450","1937.5"
"Ironhusk beetle","200","0%","0%","0.2","750","1950"
"Giraffe","150","3%","1.5%","0.65","700","1959.831"
"Friesian horse","106.56","10%","0%","0.2","1300","1971.328"
"Loup géant","95","100%","30%","0.95","500","1972.738"
"Tigre royal","150","0%","0%","0.65","750","1987.5"
"Tortue géante des Galapagos","160","2%","1.2%","0.75","600","2017.394"
"Renard de Rimmess","45","100%","40%","0.8","1380","2036.1"
"Woolly stegosaurus","135","50%","0%","0.3","950","2046.875"
"Arabian horse","96.36","10%","0%","0.25","1500","2132.363"
"Rough-plated monitor","175","35%","10%","0.7","350","2132.769"
"Irish Hunter horse","104.92","10%","0%","0.15","1500","2133.455"
"Chemfuel myrmidon","150","50%","0%","0.8","450","2137.5"
"Great devourer","200","0%","0%","0.75","400","2150"
"Dragon de komodo","150","40%","20%","0.75","520","2158"
"Ripper hound","125","100%","5%","0.7","550","2159.688"
"Akhal-Teke horse","101.64","10%","0%","0.25","1500","2167.012"
"Tortue-alligator","140","70%","20%","0.75","450","2169.9"
"Spotted hyena","195","25%","15%","0.7","250","2170.628"
"Striped hyena","195","25%","15%","0.7","250","2170.628"
"Tar guzzler","175","80%","2%","0.65","150","2179.335"
"Acid ant","150","50%","0%","0.95","400","2228.125"
"Gorille","160","50%","10%","0.6","600","2232"
"Velociraptor","175","60%","25%","0.5","450","2241.563"
"Chat-cimeterre","120","100%","40%","0.8","500","2249.6"
"Mantrap","200","0%","0%","0.8","450","2250"
"Homme-alligator","65","0%","0%","0.6","1750","2270"
"Homme-ours noir","65","0%","0%","0.6","1750","2270"
"Mandrill man","65","0%","0%","0.6","1750","2270"
"Néandertalien","65","0%","0%","0.6","1750","2270"
"Borneo pygmy","210","10%","10%","0.6","480","2279.28"
"Toraton","90","0%","0%","0.75","1500","2287.5"
"Erin","175","40%","20%","0.6","550","2297.2"
"Tigre","130","75%","50%","0.9","450","2317.938"
"Plasturtle","95","30%","30%","0.95","1200","2329.099"
"Decay drake","175","35%","35%","0.8","350","2330.169"
"Crepuscular Beetle","200","0%","0%","0.75","600","2350"
"Blood shrimp","150","80%","10%","0.8","450","2377.8"
"Moa","110","100%","100%","0.95","450","2380.5"
"Seong Baek-ho","100","20%","2%","0.6","1500","2383.52"
"Ocular nightling","125","100%","1.8%","0.75","750","2396.531"
"Dusk prowler","125","100%","5%","0.75","750","2407.031"
"Frostling","125","100%","5%","0.75","750","2407.031"
"Ravager","220","10%","10%","0.95","150","2447.295"
"Bearded troll","130","100%","50%","0.8","550","2480.5"
"Warg","160","100%","40%","0.6","450","2523.6"
"Bumbledrone hierophant","190","50%","10%","0.8","350","2530.25"
"Nightling","125","100%","1.8%","0.9","750","2537.663"
"Kallana","260","25%","5%","0.48","380","2566.145"
"Karabal","160","100%","40%","0.6","520","2593.6"
"Arctic drak","150","65%","55%","0.95","460","2610.972"
"Smilodon","150","70%","40%","0.82","625","2615.17"
"Asian elephant","240","10%","10%","0.65","500","2620.58"
"Megalouse","150","100%","20%","0.9","400","2623"
"Frostwolf","160","100%","30%","0.75","450","2676"
"Razorjack","190","75%","10%","0.75","350","2681.656"
"Thermadon","175","50%","0%","0.9","650","2728.125"
"Imperial redhound","160","100%","40%","0.15","1250","2740.4"
"Darkbeast","175","75%","2%","0.65","750","2743.097"
"Thunderbeast","175","75%","2%","0.65","750","2743.097"
"Windbeast","175","75%","2%","0.65","750","2743.097"
"Éléphant d'Asie","235","10%","10%","0.75","600","2802.244"
"Groundrunner","350","15%","5%","0.35","250","2815.084"
"Agaripod","250","0%","1.8%","0.9","450","2833.55"
"Terror bird","160","100%","40%","0.9","380","2842.4"
"Wildpod","250","0%","1.8%","0.95","400","2846.275"
"Fungal husk","150","100%","100%","1","150","2850"
"Anaconda","225","10%","10%","0.75","775","2883.531"
"Crocodile","200","20%","23%","0.84","800","2917.104"
"Black bear","200","50%","1%","0.85","750","3067.125"
"Toxilion","150","45%","45%","0.88","1200","3082.702"
"Grizzly","200","50%","30%","0.8","700","3085"
"Lesser panda","200","50%","30%","0.8","700","3085"
"Ours noir","200","55%","30%","0.78","700","3105.67"
"Plasmorph","350","0%","0%","0.7","150","3125"
"Honey badger","180","100%","10%","0.8","650","3128.6"
"Ours polaire","200","50%","30%","0.85","700","3151.25"
"Helixien","220","100%","20%","0.4","750","3152.4"
"Mime","120","100%","100%","1","1000","3160"
"Lion","190","100%","15%","0.85","480","3195.338"
"Megamarten","285","10%","10%","0","1700","3226.175"
"Bone-eating worm","200","70%","20%","0.8","700","3227.2"
"Blackspider","175","95%","20%","1","550","3234.5"
"Radyak","100","20%","1%","0.4","2500","3271.54"
"Phrak","220","100%","40%","0.7","250","3279.4"
"Sand squid","350","0%","0%","0.7","350","3325"
"Licorne","150","100%","1%","0.95","1200","3398.137"
"Yeti","150","50%","40%","0.8","1580","3402.5"
"Animalisk","200","100%","10%","0.9","500","3407"
"Taraal","200","70%","40%","0.8","800","3424.4"
"Snow taraal","200","70%","40%","0.8","800","3424.4"
"Éléphant","260","50%","0%","0.75","600","3443.75"
"Appo","270","25%","15%","0.85","550","3443.978"
"Bouldermit","350","1%","20%","0.7","350","3459.47"
"Junglelisk","200","100%","10%","0.96","500","3498.8"
"Mammoth worm","200","95%","20%","0.9","600","3514.6"
"Feralisk","200","100%","10%","0.985","500","3537.05"
"Crystalline caracal","200","100%","10%","0.75","1000","3677.5"
"Genix","275","75%","20%","0.8","375","3914.25"
"Sand prowler","275","100%","10%","0.65","450","3921.188"
"Lion","220","45%","45%","0.88","1200","3961.297"
"Lockjaw","300","50%","20%","0.8","550","4060"
"Frost lynx","275","75%","20%","0.9","375","4110.875"
"Megasquid","310","0%","2.5%","0.75","1400","4126.063"
"Giantala","310","0%","2.5%","0.97","1100","4168.768"
"Rhinocéros","270","70%","15%","0.9","700","4266.632"
"Mégathérium","280","55%","28%","0.9","700","4281.424"
"Rhinocéros noir","240","100%","30%","0.9","700","4325.2"
"Hippopotame","250","100%","30%","0.9","600","4376.25"
"Mastodonte","330","50%","10%","0.75","740","4421.563"
"Vargulf","200","100%","90%","0.9","1100","4463"
"Woolly mammoth","280","75%","25%","0.8","850","4488.25"
"巨型蟑螂","500","50%","0%","0.2","800","4550"
"Giant snaptoad","230","100%","85%","0.9","800","4634.675"
"Owlbear","270","100%","45%","0.75","900","4762.688"
"Raptor shrimp","300","80%","10%","0.9","750","4819.8"
"Wooly rhino","290","80%","28%","0.88","800","4830.119"
"Ours noir","310","100%","2.5%","0.8","700","4905.925"
"Black rhinoceros","290","100%","2.5%","0.9","800","4953.163"
"Woolly rhinoceros","300","80%","28%","0.88","850","5019.088"
"Arctic lion","300","100%","20%","0.9","600","5046"
"Sand lion","300","100%","20%","0.9","600","5046"
"Blizzarisk","300","100%","10%","0.985","500","5055.575"
"Dunealisk","300","100%","10%","0.985","500","5055.575"
"Mégacarcajou","380","20%","25%","0.97","850","5173.165"
"Belloceros","320","60%","50%","0.7","1300","5189.6"
"Toxiours","350","50%","30%","1","700","5337.5"
"Black scribe","300","100%","70%","0.87","650","5446.55"
"Carbuncle","400","40%","20%","0.75","1200","5568"
"Skiphound","700","0%","0%","0.42","750","5720"
"Cinderlisk","350","100%","10%","0.985","575","5889.837"
"Kelpie","400","70%","70%","0.6","1200","6124.8"
"Teratogenic originator","650","20%","1.8%","0.5","850","6231.805"
"Barbslinger","500","50%","0%","0.9","500","6437.5"
"Toxiscorpion","500","50%","0%","0.9","500","6437.5"
"Leviathan crab","350","100%","40%","0.8","1450","6553"
"Griffin","450","80%","60%","0.6","1100","6744.8"
"Mycoid colossus","500","75%","0%","0.9","550","7081.25"
"Overgrown colossus","500","75%","0%","0.9","550","7081.25"
"Red-horned larpah","350","100%","100%","0.99","850","7118.5"
"Northern drog","350","100%","40%","0.9","1750","7136.5"
"Anima colossus","500","75%","0%","0.91","650","7215.625"
"Engorged tentacular aberration","500","100%","0%","0.8","550","7300"
"Mature fleshbeast","500","100%","0%","0.8","550","7300"
"Pestigator","450","100%","20%","1","750","7770"
"Megabadger","400","100%","10%","0.86","2200","7891.6"
"Crestel","400","100%","50%","0.97","1600","8101"
"Gorgon","450","80%","40%","0.9","1800","8263.8"
"Unicorn","450","100%","40%","0.6","2800","8632"
"Goldilox","250","60%","10%","0.84","6450","9499.8"
"Summit crab","800","1%","0%","1","1500","9540"
"Nightmare","450","100%","85%","0.85","2400","9705.188"
"Wyvern","500","80%","80%","0.9","2400","10114"
"Skelephant","480","95%","95%","0.98","1900","10240.95"
"Spirit wolf","605","100%","2.5%","0.95","1950","10842.37"
"Reine-ruche","500","100%","100%","0.99","2000","10955"
"Blizzarisk clutch mother","600","100%","80%","1","900","11340"
"Dunealisk clutch mother","600","100%","80%","1","900","11340"
"Feralisk clutch mother","600","100%","80%","1","900","11340"
"Thrumbo","500","100%","0%","0.98","4000","11425"
"Tetra slug","650","100%","20%","0.7","4000","12619"
"Griffar","500","100%","80%","0.9","4500","12765"
"Roc","750","90%","60%","0.9","3600","15171"
"Rock troll","650","100%","70%","0.8","5300","15303.5"
"Atispec","1000","100%","50%","0.8","1200","16050"
"Unblinking eye","1000","100%","50%","0.8","1200","16050"
"Vêtement","1230","70%","50%","0.7","1550","17075.68"
"Mantis","1000","100%","10%","0.9","3000","17535"
"Grimshadow","700","100%","80%","0.9","7000","18571"
"Thrumbo alpha","800","100%","10%","0.99","7000","19178.8"
"Moribund gallatross","1000","100%","40%","0.99","7500","23619"
"Gallatross","1000","100%","30%","0.99","10000","25820.5"
"Behemoth","600","90%","20%","0.99","50000","59002.76"
