"animal","meleeDps","baseHealthScale","moveSpeed","averageArmor","combatPowerCalculated","combatPower","combatPower difference"
"EM_FWMoth","0.0","0.005","1","0%","15","0","-15"
"AA_Locusts","0.0","0.01","2","0%","17","1","-16"
"AA_SmallButterfly","0.0","0.01","2","0%","17","1","-16"
"Nem_Cockroach","2.0","0.55","5.5","0%","46","5","-42"
"Nem_Woodlouse","4.2","0.75","2.5","0%","72","5","-68"
"Mouse","1.0","0.4","4","0%","32","5","-27"
"Harvest_Mouse","1.1","0.4","4","0%","32","5","-27"
"Striped_Mouse","1.1","0.4","4","0%","33","5","-28"
"Woolly_Mouse","1.1","0.4","4","0%","32","5","-27"
"Maned_Rat","1.2","0.4","4","0%","33","5","-29"
"Cloud_Rat","1.1","0.4","4","0%","33","5","-28"
"Mole_Rat","1.1","0.4","4","0%","32","5","-27"
"Jerboa","1.2","0.4","8","0%","41","5","-33"
"Kangaroo_Rat","1.1","0.4","6","0%","34","5","-31"
"Hamster","1.0","0.4","4","0%","33","5","-28"
"AA_AngelMothLarva","0.9","0.3","2","0%","25","10","-15"
"AA_LarvalAtispec","0.7","0.1","2","0%","21","10","-12"
"AA_DrainerLarva","0.5","0.3","1.2","0%","21","10","-11"
"AA_EmpressButterflyLarva","0.2","0.2","1.5","0%","18","10","-8"
"AA_Eyeling","5.1","0.5","3","0%","71","10","-60"
"Nem_Mosquito","2.0","0.01","5.5","0%","34","10","-35"
"AEXP_Hedgehog","1.7","0.2","2.5","0%","31","10","-21"
"Pigeon","1.7","0.35","2.1","0%","34","10","-24"
"CK_SpiderMonkey","2.7","0.45","4.3","0%","50","11","-39"
"KangarooRat","1.8","0.25","5.5","0%","39","12","-26"
"StarNosedMole","1.3","0.145","3.2","0%","28","12","-17"
"ACPPtarmigan","1.8","0.35","2","0%","33","15","-14"
"ACPSilkieChicken","1.9","0.35","2","0%","33","15","-19"
"ACPAngoraRabbit","2.2","0.3","5","0%","41","15","-27"
"HonduranWhiteBat","1.5","0.15","3","0%","30","15","-14"
"AEXP_Koala","2.7","0.4","2","0%","41","15","-27"
"FEB_Toxoga","2.5","0.6","4.1","0%","50","15","-35"
"ACPChipmunk","1.3","0.2","5","0%","33","16","-16"
"ACPXGecko","1.9","0.12","4.8","0%","36","17","-18"
"Sparrow","1.7","0.075","3.1","0%","24","20","-8"
"AA_Aerofleet","3.6","0.4","2.84","0%","52","20","-31"
"AA_DuskRat","3.3","0.29","4","0%","35","20","-26"
"ACPSilkspider","0.6","0.05","1.4","1.2%","19","20","1"
"Ghostie_BabySeal","1.2","0.4","2.6","0%","31","20","-11"
"PearlHamster","2.8","0.25","4.2","0%","43","20","-23"
"AgoutiHamster","2.7","0.25","5","0%","44","20","-25"
"SapphirerHamster","2.8","0.25","4.2","0%","43","20","-24"
"PuddingHamster","2.9","0.25","4.2","0%","43","20","-23"
"Nem_Spider","7.7","1","5.5","0%","137","20","-115"
"Gerbil","1.3","0.4","2.5","0%","32","20","-11"
"Muskrat","2.3","0.5","2.7","0%","43","20","-22"
"Nutria","2.2","0.4","6","0%","46","20","-26"
"BlackCappedConure","1.6","0.1","3.1","0%","29","20","-9"
"CrimsonBelliedConure","1.6","0.1","3.1","0%","29","20","-9"
"GoldenConure","1.6","0.1","3.1","0%","29","20","-9"
"NandayConure","1.6","0.1","3.1","0%","29","20","-9"
"PineappleConure","1.7","0.1","3.1","0%","29","20","-8"
"SunConure","1.7","0.1","3.1","0%","29","20","-9"
"TurquoiseConure","1.7","0.1","3.1","0%","29","20","-9"
"CinnamonGroundDove","1.6","0.1","3.1","0%","29","20","-9"
"DiamondDove","1.7","0.1","3.1","0%","29","20","-10"
"MourningDove","1.7","0.1","3.1","0%","28","20","-9"
"RingneckDove","1.7","0.1","3.1","0%","29","20","-9"
"TurtleDove","1.7","0.1","5.5","0%","34","20","-14"
"HomingPigeon","1.6","0.1","3.1","0%","29","20","-8"
"Plover","2.0","0.2","3.8","0%","33","20","-14"
"Sandpiper","1.8","0.2","3.6","0%","34","20","-14"
"BlueJay","1.8","0.075","3.1","0%","28","20","-9"
"Cardinal","1.7","0.075","3.1","0%","29","20","-8"
"Goldfinch","1.6","0.075","3.1","0%","28","20","-8"
"HouseFinch","1.6","0.075","6","0%","35","20","-14"
"Oriole","1.6","0.075","3.1","0%","28","20","-8"
"ZebraFinch","1.6","0.075","3.1","0%","28","20","-9"
"WD_Pug","1.7","0.5","4","0%","41","20","-26"
"HC_Leopardgecko","3.6","0.3","4","0%","50","20","-32"
"ACPHedgehog","0.6","0.3","2.5","0%","24","22","-2"
"Crow","1.7","0.1","3.1","0%","29","25","-4"
"Bluebird","1.7","0.1","3.1","0%","29","25","-4"
"Quail","1.7","0.1","3.1","0%","29","25","-4"
"Macaw","1.5","0.2","3.1","0%","31","25","-3"
"Larva","3.3","0.25","2","0%","41","25","-15"
"dtf_angorarabbit","1.7","0.4","3.5","0%","38","25","-12"
"ACPJackalope","1.3","0.4","5.5","0%","37","25","-12"
"ACPRedPanda","3.6","0.5","4","0%","61","25","-35"
"BU_Budgerigar","1.8","0.1","6","0%","36","25","-11"
"BU_Cockatiel","1.8","0.1","2.9","0%","29","25","-5"
"BU_MacawBlueYellow","2.8","0.2","2.3","0%","39","25","-13"
"BU_MacawMilitary","2.9","0.2","2.3","0%","38","25","-14"
"BU_MacawScarlet","2.9","0.2","2.3","0%","38","25","-12"
"BU_RedwingedBlackbird","1.8","0.1","2.9","0%","30","25","-5"
"BU_MacawCatalina","3.0","0.2","2.3","0%","38","25","-14"
"BU_MacawShamrock","2.9","0.2","2.3","0%","38","25","-14"
"BU_MacawHarlequin","3.0","0.2","2.3","0%","28","25","-14"
"TYR_Hummingbird_BlueTailed","3.1","0.1","5","0%","37","25","-17"
"Taggerung_Chromabird","3.0","0.4","4.6","0%","51","25","-25"
"ZDuck_Ducky","1.2","0.35","2","0%","29","25","-4"
"Seagull","2.1","0.3","3","0%","38","25","-12"
"SC_Creamgrub","2.7","1.4","1.5","18%","54","25","-59"
"AEXP_Beaver","3.3","0.5","3.7","0%","54","25","-29"
"ERN_Hedgehog","1.6","0.4","2.5","0%","38","25","-12"
"ERN_Armadillo","4.3","0.4","4.5","42%","97","25","-72"
"YorkshireTerrier","2.5","0.4","3.1","0%","43","30","-12"
"Chicken","1.3","0.35","2.1","0%","34","30","4"
"Duck","2.6","0.35","2.1","0%","40","30","-11"
"Rat","3.2","0.29","4.5","0%","49","30","-20"
"PrairieDog","3.4","0.35","3.8","0%","49","30","-20"
"Porcupine","3.3","0.4","3","0%","48","30","-18"
"Bullfrog","3.1","0.29","3","0%","44","30","-2"
"Otter","3.2","0.5","3.5","0%","54","30","-23"
"FancyRat","3.2","0.29","4","0%","47","30","-19"
"AA_Cactipine","2.2","0.75","4.5","0%","81","30","-46"
"AA_DevilSheep","4.8","1","3","0%","94","30","-29"
"AA_ShockGoat","4.7","1","3.5","0%","79","30","-68"
"ACPFerret","5.2","0.65","4.2","0%","84","30","-52"
"SeaOtter","3.2","0.5","3.5","0%","52","30","-23"
"BB_Hornbill","3.8","1","2.1","0%","75","30","-49"
"BB_Parrot","4.1","0.5","3","0%","63","30","-34"
"BB_ParrotB","4.0","0.5","3","0%","64","30","-31"
"BB_Toucan","3.8","1","5","0%","87","30","-58"
"TYR_Cuckooshrike_BlackWinged","3.0","0.25","5.5","0%","47","30","-18"
"TYR_FairyBluebird_Philippine","3.0","0.25","5.2","0%","47","30","-17"
"TYR_Parrot_Caica","3.5","0.25","5","0%","51","30","-20"
"TYR_Triller_WhiteBrowed","3.1","0.25","6.5","0%","50","30","-19"
"CockerSpaniel","2.4","0.4","3.1","0%","42","30","-13"
"WelshCorgi","2.3","0.4","3.1","0%","42","30","-13"
"ERN_DachshundShorthair","3.1","0.4","3.1","0%","49","30","-21"
"ERN_DachshundLonghair","3.3","0.4","3.1","0%","48","30","-20"
"ERN_DachshundWirehair","3.1","0.4","3.1","0%","51","30","-20"
"TYR_HotfootRat","0.8","0.29","4","0%","29","30","1"
"TYR_KangarooRat","0.9","0.29","4","0%","29","30","1"
"TYR_Lemming","0.9","0.29","4","0%","27","30","1"
"TYR_Mouse","0.9","0.29","4","0%","28","30","2"
"TYR_MousePoison","0.8","0.29","5","0%","30","30","-1"
"AEXP_Chihuahua","1.6","0.4","3","0%","34","30","-4"
"AEXP_FrenchBulldog","2.3","0.4","3.3","0%","43","30","-13"
"AEXP_Pug","1.8","0.25","3.1","0%","40","30","-8"
"AEXP_Shih-Tzu","2.5","0.25","3.1","0%","37","30","-8"
"AEXP_BlackFootedFerret","3.6","0.6","4","0%","65","30","-32"
"VAERoy_Megachicken","5.3","0.35","5","0%","182","30","-187"
"VAERoy_Pheasant","2.6","0.35","2.1","0%","40","30","1"
"Weasel","2.1","0.4","3.8","0%","43","30","-12"
"WD_Beagle","2.9","0.75","4","0%","59","30","-28"
"WD_Corgi","2.3","0.5","4","0%","45","30","-16"
"WD_Jackrussell","4.2","0.6","5.75","0%","78","30","-43"
"HC_Bullfrog","3.9","0.2","3","0%","47","30","-17"
"ERN_Pika","2.8","0.29","4","0%","45","30","-16"
"ERN_ptarmigan","2.2","0.35","2","0%","36","32","-5"
"GuineaPig","3.3","0.4","5","0%","52","33","-20"
"Hare","2.1","0.4","7","0%","48","33","-14"
"Snowhare","2.2","0.4","6","0%","46","33","-12"
"Chinchilla","3.0","0.4","5","0%","52","33","-20"
"Squirrel","2.6","0.25","5.3","0%","45","33","-12"
"Mink","3.2","0.35","4.6","0%","51","33","-18"
"CCPChocolateBun","2.2","0.4","6","0%","46","33","-13"
"AA_Needleroll","1.5","0.25","2.5","7.5%","32","33","1"
"AA_PhoenixOwlcat","5.1","0.4","4","0%","67","33","-35"
"ACPDomesticRabbit","2.2","0.4","6","0%","46","33","-12"
"Crows_DustBunny","2.1","0.4","6","0%","45","33","-13"
"VAERoy_AngoraRabbit","2.2","0.4","6","0%","41","33","-13"
"DA_SilverMole","3.3","0.4","7","0%","56","33","-24"
"FEB_Cottonfoot","2.1","0.4","6","0%","46","33","-13"
"CK_ArcticHare","2.0","0.4","6","0%","41","33","-12"
"Cat","4.8","0.42","4.4","0%","65","35","-34"
"Monkey","2.9","0.45","4.3","0%","50","35","-15"
"Goose","3.2","0.4","2.3","0%","48","35","-14"
"Raccoon","4.1","0.4","4.5","0%","58","35","-24"
"SnowRat","3.6","0.35","4.5","0%","54","35","-20"
"AA_FissionMouse","2.7","0.6","5","0%","56","35","-21"
"AA_FissionMouseSecond","2.6","0.5","4.5","0%","52","35","-16"
"AA_FissionMouseThird","2.6","0.35","4","0%","44","35","-12"
"AA_InfectedAerofleet","3.5","0.4","2.84","0%","50","35","-17"
"AA_OcularJelly","6.8","1","2","0%","128","35","-89"
"AA_Swarmling","2.6","0.6","5","0%","49","35","-18"
"Possum","3.9","0.4","4.1","0%","55","35","-22"
"BU_Raven","3.4","0.2","2.3","0%","43","35","-8"
"TYR_Owl_AfricanGrass","6.3","0.42","5","0%","83","35","-48"
"akaNEKO_shironeko","4.6","0.42","4.4","0%","66","35","-31"
"akaNEKO_kuroneko","5.1","0.42","4.4","0%","66","35","-32"
"akaNEKO_kijitora","4.7","0.42","4.4","0%","67","35","-34"
"akaNEKO_A_Shorthair","4.5","0.42","4.4","0%","65","35","-31"
"akaNEKO_Russian_Blue","4.7","0.42","4.4","0%","67","35","-31"
"akaNEKO_Siamese","4.7","0.42","4.4","0%","68","35","-34"
"akaNEKO_J_Bobtail","4.8","0.42","4.4","0%","66","35","-37"
"akaNEKO_Persian","4.4","0.42","4.4","0%","68","35","-31"
"akaNEKO_Scottish_Fold","4.9","0.42","4.4","0%","56","35","-34"
"akaNEKO_Scottish_Fold_Long","4.6","0.42","4.4","0%","57","35","-32"
"Meerkat","4.8","0.42","4.4","0%","68","35","-34"
"Cormorant","2.7","0.45","2.4","0%","45","35","-11"
"Egret","3.1","0.4","3.2","0%","49","35","-13"
"Ibis","2.4","0.4","3.2","0%","42","35","-8"
"Pelican","3.0","0.6","2.6","0%","56","35","-19"
"Spoonbill","2.6","0.45","3","0%","46","35","-8"
"SMP_Tortie","4.7","0.42","4.4","0%","69","35","-32"
"StrayDogs_Shiba","2.8","0.5","5","0%","52","35","-18"
"StrayDogs_Kai","2.8","0.75","4","0%","60","35","-26"
"AEXP_CatAbyssinian","5.0","0.42","4.4","0%","69","35","-34"
"AEXP_CatBengal","4.6","0.42","4.4","0%","66","35","-32"
"AEXP_CatBritishShorthair","4.3","0.42","4.4","0%","68","35","-31"
"AEXP_CatMunchkin","4.7","0.42","3.4","0%","64","35","-29"
"AEXP_CatNorwegianForest","4.7","0.42","4.4","0%","69","35","-32"
"AEXP_CatPersian","5.0","0.42","4.4","0%","68","35","-31"
"AEXP_CatSiamese","4.7","0.42","5.4","0%","68","35","-36"
"AEXP_CatSomali","4.9","0.42","4.4","0%","66","35","-26"
"AEXP_CatSphynx","4.7","0.42","4.4","0%","66","35","-34"
"AEXP_Beagle","2.5","0.4","3.1","0%","42","35","-7"
"AEXP_Corgi","2.4","0.5","3.3","0%","45","35","-10"
"AEXP_RedPanda","2.7","0.45","3","0%","47","35","-12"
"AEXP_Lemur","2.7","0.4","3.5","0%","47","35","-11"
"AEXP_Bonobo","4.6","1","3","0%","95","35","-54"
"aka_Tanuki","2.1","0.7","3","0%","49","35","-13"
"FEB_Apotheca","2.6","1","4.1","0%","63","35","-28"
"CK_Peafowl","3.7","0.7","3.5","0%","69","35","-32"
"CK_Junglefowl","3.7","0.5","2.8","0%","57","35","-22"
"CK_SquirrelMonkey","2.9","0.45","4.3","0%","52","35","-16"
"CK_CapuchinMonkey","2.8","0.45","4.3","0%","49","35","-15"
"ERN_Gartersnake","1.8","0.5","3","0%","36","35","-4"
"Shetland_pony","3.0","1.75","5","0%","93","35.08","-67"
"ACPThornyDevil","2.4","0.5","2.8","0%","47","38","-9"
"Boomole","1.4","0.145","3.4","0%","29","38","9"
"IndianGiantSquirrel","3.3","0.25","5.1","0%","48","38","-9"
"Megascarab","3.2","0.4","3.75","45%","81","40","-40"
"Alphabeaver","4.7","0.7","3.7","0%","80","40","-39"
"Gazelle","4.4","0.7","6","0%","79","40","-43"
"Iguana","5.0","0.5","3","0%","71","40","-34"
"Dryad_Basic","5.1","0.8","3","0%","90","40","-49"
"Dryad_Woodmaker","5.4","0.8","3","0%","92","40","-51"
"Dryad_Berrymaker","5.1","0.8","3","0%","89","40","-50"
"Dryad_Medicinemaker","5.4","0.8","3","0%","90","40","-49"
"Dryad_Gaumaker","5.1","0.8","3","0%","88","40","-50"
"Dryad_Carrier","5.0","0.8","2.4","0%","88","40","-48"
"Dryad_Clawer","15.6","0.7","4","0%","208","40","-164"
"Dryad_Barkskin","5.2","0.9","3.2","55%","159","40","-112"
"WasteRat","3.5","0.29","4","0%","51","40","-9"
"Flamingo","3.0","0.6","3.2","0%","68","40","-26"
"Heron","4.1","0.6","3.4","0%","66","40","-29"
"Swan","3.9","0.6","3.4","0%","65","40","-25"
"Peacock","4.1","0.6","3","0%","66","40","-26"
"Vulture","4.4","0.6","2.8","0%","66","40","-26"
"AA_BedBug","4.4","1","3","25%","104","40","-73"
"AA_GreyCoatedMouflon","4.4","1.5","2","0%","113","40","-68"
"AA_Murkling","1.3","0.4","5.1","0%","47","40","-8"
"ACPDuckBilledPlatypus","1.4","0.7","3.5","0%","39","40","1"
"ACPErmine","2.2","0.75","6","0%","55","40","-14"
"BoomBat","1.7","0.15","3.2","0%","30","40","9"
"BU_PeregrineFalcon","5.2","0.2","4.1","0%","59","40","-21"
"BU_Vulture","2.6","0.6","2","0%","47","40","-8"
"BB_BarnOwl","3.4","0.42","5.5","0%","56","40","-18"
"BB_Cockatoo","4.1","0.42","5","0%","62","40","-22"
"ERN_lizarddoggo","3.4","0.99","4.5","0%","78","40","-33"
"pphhyy_BloodScarab","3.1","0.5","4","50%","90","40","-51"
"StrayDogs_SwedishVallhund","2.4","0.5","3.3","0%","47","40","-6"
"Addax","6.0","1.2","5","0%","129","40","-94"
"Bongo","5.9","2.7","5","0%","213","40","-190"
"Gemsbok","6.1","2.3","5","0%","209","40","-166"
"AEXP_WildGoose","3.9","0.8","3.5","0%","81","40","-34"
"AEXP_RockhopperPenguin","2.6","0.6","2","0%","45","40","-6"
"WD_Dachshund","2.4","0.5","3","0%","45","40","-5"
"WD_Sheepdog","4.1","0.75","5","0%","72","40","-37"
"GreenPeacock","4.0","0.6","3","0%","66","40","-28"
"RedPeacock","4.2","0.6","3","0%","65","40","-26"
"VV_NHCP_Dryad_Cedarmaker","5.2","0.8","3","0%","90","40","-50"
"VV_NHCP_Dryad_Ebonymaker","5.0","0.8","3","0%","93","40","-47"
"VV_NHCP_Dryad_Mahoganymaker","5.4","0.8","3","0%","89","40","-50"
"VV_NHCP_Dryad_Rosewoodmaker","5.3","0.8","3","0%","94","40","-47"
"Goat","3.4","0.7","3.9","0%","78","45","-37"
"Pig","4.8","0.7","3.9","0%","80","45","-36"
"Capybara","5.3","0.7","3.9","0%","86","45","-44"
"Fox_Fennec","5.1","0.7","4.6","0%","83","45","-42"
"Fox_Red","5.3","0.7","4.6","0%","85","45","-45"
"Fox_Arctic","5.0","0.7","4.6","0%","85","45","-40"
"PackRat","5.7","1.35","8","0%","144","45","-101"
"Packaroo","5.3","1.35","7.5","0%","142","45","-100"
"AA_AnimusVox","5.0","0.9","4.6","0%","97","45","-55"
"AA_AuroraSylph","0.3","0.7","2","0%","24","45","21"
"AA_Drainer","2.1","1.5","3","0%","68","45","-24"
"ACPGreatBustard","3.8","0.65","5.5","0%","70","45","-22"
"ACPHaulerAnt","5.2","1.3","3","10%","128","45","-84"
"ACPTapir","1.2","1","3.6","0%","40","45","4"
"Armadillo","4.8","0.7","3.5","0%","78","45","-37"
"Bardelot","2.7","0.7","3.5","0%","55","45","-9"
"Zarander","5.1","0.95","3.6","0%","96","45","-54"
"FoxSquirrel","5.2","0.7","5.5","0%","86","45","-39"
"Copperhead","5.1","0.5","3","0%","72","45","-25"
"CoralSnake","4.8","0.5","3","0%","58","45","-28"
"Cottonmouth","5.2","0.5","3","0%","71","45","-26"
"GreenSnake","2.5","0.5","3","0%","70","45","-27"
"MudSnake","4.6","0.5","3","0%","70","45","-24"
"RedRattler","5.0","0.5","3","0%","71","45","-24"
"ScarletKingSnake","5.1","0.5","3","0%","67","45","-24"
"TimberRattler","5.2","0.5","3","0%","70","45","-25"
"YellowViper","5.2","0.5","3","0%","71","45","-25"
"BerkshirePig","4.7","0.7","3.9","0%","78","45","-35"
"DairyPig","4.8","0.7","3.9","0%","79","45","-33"
"DurocPig","4.5","0.7","3.9","0%","79","45","-34"
"GloucestershirePig","2.3","1","3.9","0%","90","45","-48"
"SaddlebackPig","4.3","0.7","3.9","0%","74","45","-33"
"WoolyPig","4.1","0.7","3.9","0%","76","45","-34"
"Fox_Gray","5.0","0.7","4.6","0%","89","45","-43"
"Fox_Sand","5.4","0.7","4.6","0%","89","45","-44"
"Fox_Silver","5.0","0.7","4.6","0%","87","45","-41"
"Fox_Tibetan","5.0","0.7","4.6","0%","87","45","-42"
"Fox_Maikong","5.1","0.7","4.6","0%","85","45","-42"
"Fox_Kit","5.2","0.7","5.5","0%","87","45","-42"
"RG_SabertoothSquirrel","6.5","0.75","5","0%","112","45","-69"
"RG_Dodo","5.0","0.55","3.2","0%","73","45","-27"
"Rimmessian_fox","6.6","6","5.7","0%","941","45","-913"
"SCBorderCollie","5.3","1.05","5.2","0%","110","45","-59"
"SCBullTerrier","6.2","1.05","5.2","0%","127","45","-83"
"SCBorzoi","4.7","1.05","6.5","0%","103","45","-57"
"Racoon_dog","3.1","1.05","5","0%","54","45","-36"
"AEXP_Pangolin","6.2","0.7","2","50%","151","45","-107"
"WD_Pitbull","7.0","1","5","0%","126","45","-94"
"DA_ForestOwlcat","5.9","0.42","4.9","0%","79","45","-32"
"DA_ArcticOwlcat","5.8","0.42","4.9","0%","77","45","-32"
"FEB_Gutterhog","4.5","0.7","3.5","0%","78","45","-32"
"ERN_Ferret","4.6","0.7","5","0%","83","45","-39"
"ERN_Greyfox","4.2","0.7","5.2","0%","78","45","-33"
"ERN_Mink","4.8","0.7","5","0%","83","45","-38"
"AA_FlamingoPhoenix","2.6","0.6","3.2","0%","47","47","-3"
"Turkey","4.2","0.6","3.2","0%","68","50","-16"
"Ibex","5.1","0.85","5","0%","87","50","-45"
"Deer","3.5","0.9","6","0%","78","50","-39"
"Badger","3.7","0.7","3.8","0%","68","50","-18"
"Seal","4.4","0.7","2.6","0%","73","50","-23"
"HermitCrab","4.0","0.4","2","40%","84","50","-36"
"AA_AcanthamoebaGiganteaSmall","4.4","0.75","1.5","0%","72","50","-20"
"AA_BlackScarab","4.5","0.45","4.5","55%","111","50","-61"
"AA_CrystalMit","3.9","0.6","1.8","62%","110","50","-60"
"AA_PebbleMit","3.7","0.6","1.8","42%","94","50","-45"
"AA_PedigreedRaptor","5.9","2","5","0%","171","50","-129"
"ACPPeccary","4.3","0.65","4.5","0%","77","50","-24"
"AonyxCinerea","4.9","0.5","4.5","0%","75","50","-28"
"Rabbuck","6.0","0.9","4.84","0%","106","50","-60"
"Yippa","4.6","0.9","4.84","0%","91","50","-42"
"Zebra","4.0","0.9","4.84","0%","84","50","-35"
"BB_Kestrel","2.6","0.5","6","0%","52","50","-4"
"ZDuck_Cayuga","3.0","0.45","3.7","0%","51","50","-2"
"ERN_Neck","5.8","0.5","3","0%","76","50","-29"
"ERN_Misthare","5.5","0.5","6","0%","85","50","-34"
"BrushTurkey","4.0","0.6","3.6","0%","68","50","-16"
"WaterDeer","2.2","0.9","5.5","0%","97","50","-13"
"pphhyy_SanguineDeer","7.8","1","6","0%","154","50","-110"
"AEXP_DesertTortoise","3.7","0.72","1","52%","105","50","-57"
"VAEWaste_Wastedeer","4.3","0.9","5.5","0%","97","50","-42"
"WD_Dalmatian","3.9","0.75","5","0%","73","50","-28"
"DA_IroncasketBeetle","3.2","1","2","61%","109","50","-59"
"Grimstone_Tetras","3.8","0.6","3.6","0%","69","50","-18"
"ERN_Argali","6.3","0.9","4.6","0%","117","50","-68"
"WildBoar","6.1","0.7","4.6","0%","99","55","-38"
"Sheep","5.9","0.7","4.2","0%","90","55","-37"
"Boomrat","4.1","0.4","4.6","0%","61","55","-6"
"LavaSnail","2.7","0.8","0.85","40%","76","55","-23"
"Locust","3.8","0.7","3","0%","66","55","-13"
"GiantRakali","6.8","2.5","7","62%","313","55","-250"
"ThorntailMouse","8.9","1.35","7.5","0%","194","55","-137"
"AA_RoyalAve","5.6","0.8","6","0%","99","55","-45"
"ACPMajoreraGoat","3.4","0.8","3.35","0%","71","55","-13"
"ACPMegaFerret","6.6","1.05","6.2","0%","129","55","-78"
"ACPOtter","4.9","0.7","3.75","0%","110","55","-60"
"ACPMunchkinCat","4.6","0.42","4.5","0%","69","55","-13"
"ZDuck_Bufflehead","4.6","0.75","4.9","0%","85","55","-34"
"ZDuck_Quackodile","10.3","1.3","5.2","0%","208","55","-151"
"AssafSheep","5.7","0.7","4.8","0%","94","55","-39"
"AwassiSheep","5.2","0.7","4.8","0%","92","55","-38"
"BighornSheep","5.4","0.7","4.8","0%","90","55","-36"
"BorderLeicesterSheep","5.4","0.7","4.8","0%","96","55","-42"
"JacobsSheep","5.7","0.7","4.8","0%","95","55","-38"
"LincolnSheep","5.6","0.7","4.8","0%","58","55","-38"
"MerinoSheep","5.5","0.7","4.8","0%","92","55","-39"
"MouflonSheep","5.4","0.7","4.8","0%","96","55","-39"
"SuffolkSheep","5.8","0.7","4.8","0%","96","55","-39"
"ZGF_BeechMart","6.6","0.75","6.5","0%","107","55","-56"
"ZGF_JapaneseMart","6.5","0.75","6.4","0%","106","55","-56"
"ZGF_NilgiriMart","6.0","0.75","6.4","0%","109","55","-50"
"ZGF_Boommarten","2.9","0.4","5","0%","50","55","5"
"RG_Synthetion","7.1","1.8","5","0%","199","55","-138"
"ZTT_MudTurtle","3.2","0.45","1.3","30%","70","55","-16"
"ZTT_PaintedSnapvine","4.0","0.45","1.1","30%","75","55","-20"
"AEXP_Coyote","5.8","1.05","5","0%","149","55","-95"
"AEXP_ArcticCoyote","7.4","1.05","5","0%","148","55","-93"
"AEXP_CatMaineCoon","7.0","1.07","4.4","0%","136","55","-84"
"AEXP_GreatDane","5.7","1","5","0%","119","55","-63"
"AEXP_Poodle","6.0","1","4","0%","110","55","-61"
"AEXP_Megascorpion","11.8","0.4","3.45","45%","237","55","-191"
"VAEWaste_Toxafox","5.3","0.7","4.6","0%","90","55","-33"
"FEB_CryoToad","6.1","0.8","3.2","0%","100","55","-45"
"CK_Tapir","5.9","0.7","4","0%","94","55","-38"
"Cassowary","5.5","0.8","4.6","0%","95","60","-36"
"MonitorLizard","5.1","1","3.6","0%","103","60","-41"
"ColossusToad","6.3","0.8","3.2","0%","102","60","-44"
"BB_EagleOwl","3.4","1","2.1","0%","72","60","-13"
"ZDuck_RudderDuck","5.4","1.1","5","0%","111","60","-54"
"ERN_Valboar","7.3","0.7","4.6","0%","107","60","-43"
"ZGF_Sable","6.7","0.9","6.7","0%","125","60","-45"
"ZGF_YellowMart","6.6","1","6.2","0%","135","60","-66"
"StrayDogs_BerneseMountainDog","8.7","1","4.8","0%","156","60","-104"
"pphhyy_Kelenken","14.0","1.75","4.6","0%","338","60","-263"
"pphhyy_Paraken","14.4","1.75","4.6","0%","366","60","-294"
"pphhyy_Penglenken","15.2","2.1","4.6","0%","406","60","-346"
"pphhyy_Touken","5.5","1.4","4.6","0%","135","60","-72"
"pphhyy_Vulaken","5.6","1.4","4.6","0%","134","60","-75"
"pphhyy_DesertSparaken","5.5","1.4","4.6","0%","135","60","-71"
"pphhyy_Pileaken","14.8","2.1","4.6","0%","381","60","-324"
"pphhyy_Sparaken","5.6","1.4","4.8","0%","134","60","-73"
"pphhyy_Heronken","13.9","1.75","4.6","0%","344","60","-294"
"AEXP_Hyena","8.7","1.12","5","0%","164","60","-100"
"AEXP_WelshTerrier","4.6","1.05","5","0%","124","60","-54"
"HC_Pangolin","2.7","0.6","1.8","32%","67","60","-9"
"HC_Samoyed","5.3","1","5","0%","106","60","-46"
"CK_Okapi","4.8","1.2","3.2","0%","112","60","-48"
"RG_Megalenhydris","6.9","1.4","3.6","0%","147","64","-88"
"Cobra","7.1","0.5","3.5","0%","96","65","-31"
"Alpaca","4.3","1","4.1","0%","76","65","-31"
"ScourgeRat","7.2","1.55","7.5","0%","190","65","-126"
"AA_DarkVandal","5.9","0.9","4.6","0%","107","65","-44"
"ACPWildDog","5.8","1","5.7","0%","108","65","-44"
"AlligatorMan","4.9","1","4.84","0%","103","65","-38"
"BlackBearMan","9.8","1","4.84","0%","176","65","-111"
"Worm","5.7","1","4.84","0%","138","65","-73"
"Mandrill","9.9","1","4.84","0%","173","65","-110"
"MandrillMan","4.3","1","4.84","0%","94","65","-27"
"Neanderthal","6.2","1","4.84","0%","120","65","-60"
"ZDuck_DesertRazorbill","5.7","1","4.6","0%","108","65","-50"
"akaNEKO_N_Forest_Cat","5.8","0.85","5","0%","106","65","-42"
"SCMiniatureDachshund","3.8","1.05","5.2","0%","84","65","-21"
"SCSchnauzer","3.5","1.05","5.2","0%","86","65","-15"
"SCPug","3.0","1.05","4.2","0%","59","65","-4"
"SCWelshCorgi","4.1","1.05","5.2","0%","91","65","-23"
"SCAfghanHound","5.1","1","6.8","0%","104","65","-39"
"SCChowchow","6.3","1.75","5.2","0%","177","65","-109"
"SCCollie","4.9","1.05","5.2","0%","104","65","-45"
"SCDoberman","7.0","1.75","5.5","0%","206","65","-122"
"SCGoldenRetriever","6.4","1.05","5.2","0%","130","65","-65"
"SCGreyhound","4.7","1","7","0%","102","65","-42"
"SCOldEnglishSheepdog","4.8","1","5","0%","95","65","-34"
"SCStandardPoodle","5.4","1","5","0%","112","65","-46"
"SCBullmastiff","9.2","2","5.2","0%","265","65","-196"
"SCCaucasianshepherd","9.0","2","5.2","0%","256","65","-193"
"SCSaintbernard","7.7","2","5.2","0%","224","65","-150"
"SCNewFoundland","7.6","2","5.2","0%","219","65","-156"
"TVP_ShibaInu","4.8","1","5","0%","102","65","-37"
"AEXP_Platypus","5.6","0.4","2.5","0%","71","65","-5"
"AEXP_Rottweiler","7.3","1","5","0%","145","65","-68"
"AEXP_Mandrill","8.4","1","4.5","0%","147","65","-79"
"AEXP_Tapir","4.4","0.8","3.9","0%","89","65","-22"
"VAEWaste_Toxiguana","5.3","1","3","0%","94","65","-33"
"DA_DwarvenMuffton","9.7","1","5","10%","193","65","-123"
"HC_Weasel","6.1","0.7","4.8","0%","64","65","-36"
"Emu","6.4","0.9","5.5","0%","112","70","-45"
"LabradorRetriever","6.0","1","5","0%","72","70","-44"
"Tortoise","4.0","0.6","1","42%","95","70","-19"
"BogHound","6.6","1","5","0%","131","70","-59"
"Wolverine","6.0","0.6","4.6","0%","87","70","-18"
"Megavole","5.9","1","3.2","0%","108","70","-35"
"Walrus","4.7","1.2","2.3","0%","110","70","-41"
"SeaLion","5.3","0.8","2.8","0%","89","70","-22"
"StoneCrab","5.5","0.6","2.2","40%","117","70","-57"
"SeaTurtle","4.9","0.6","1.5","42%","114","70","-40"
"AA_DesertAve","6.5","1","7","0%","137","70","-62"
"AA_MeadowAve","8.1","1","7","0%","162","70","-84"
"ACPKiwi","1.9","0.7","2.7","0%","44","70","26"
"Penguin","4.0","0.7","3.5","0%","73","70","-2"
"BrownLabradorRetriever","5.8","1","5","0%","115","70","-46"
"GoldenRetriever","4.4","1","5.5","0%","115","70","-45"
"Borzoi","5.5","1","7","0%","117","70","-43"
"LeopardTortoise","3.8","0.6","1","42%","95","70","-20"
"RedFootedTortoise","3.6","0.6","1","42%","90","70","-27"
"ZGF_PineMart","7.3","1","6.5","0%","143","70","-64"
"ZGF_RimMart","6.3","1","6.8","0%","126","70","-54"
"ZPT_CarolinaParakeet","2.2","0.55","3.3","0%","65","70","4"
"ZPT_Eclectus","3.2","0.4","3.3","0%","50","70","21"
"ZPT_RingneckedParakeet","4.3","0.55","3.7","0%","66","70","0"
"king_penguin","3.0","0.9","3.2","0%","66","70","3"
"GoldenJackal","6.4","1.05","5","0%","122","70","-7"
"AEXP_GilaMonster","4.9","0.55","2.25","0%","73","70","0"
"WD_Boxer","4.2","1","5","0%","90","70","-21"
"Grimstone_Sheepdog","6.0","1","5","0%","118","70","-43"
"Husky","6.4","1.05","5","0%","120","75","-44"
"Cow","4.6","1.5","3.2","0%","123","75","-50"
"Yak","4.8","1.5","3.2","0%","124","75","-53"
"Spelopede","4.1","1.7","3.65","18%","138","75","-71"
"Wolf_Timber","7.6","0.99","5","0%","136","75","-59"
"Wolf_Arctic","5.3","0.99","5","0%","141","75","-62"
"DireRat","5.9","0.35","4.5","0%","78","75","-7"
"AA_AcanthamoebaGiganteaLarge","8.5","1.5","1.75","0%","186","75","-122"
"AA_AngelMoth","4.5","3","3","0%","199","75","-118"
"AA_Bobeene","4.7","1.25","2.7","0%","105","75","-33"
"AA_EmpressButterfly","0.3","0.3","3","0%","22","75","53"
"AA_GreenGoo","8.6","0.75","1.5","0%","125","75","-48"
"AA_RedGoo","10.3","1","1.5","0%","182","75","-103"
"ACPLlama","5.9","1.1","4.2","0%","97","75","-39"
"Jerbal","7.2","1.6","3.4","0%","179","75","-107"
"Taggerung_ChromaticFlowerWolf","7.6","0.99","5","0%","142","75","-60"
"Mastiff","6.7","1.05","3","0%","116","75","-42"
"ERN_MountainDog","8.0","0.99","5","0%","152","75","-69"
"ERN_Palamute","7.4","0.99","5.8","0%","136","75","-55"
"AngusCow","4.7","1.5","3.2","0%","116","75","-43"
"AnkoleWatusiCow","5.0","1.5","3.2","0%","121","75","-53"
"BoomooCow","4.7","1.5","3.2","0%","120","75","-42"
"BrahmanCow","4.6","1.5","3.2","0%","119","75","-47"
"BravaCow","4.8","1.5","3.2","0%","118","75","-50"
"BrownSwissCow","4.7","1.5","3.2","0%","122","75","-50"
"HarianaCow","4.8","1.5","3.2","0%","115","75","-46"
"HerefordCow","4.8","1.5","3.2","0%","124","75","-48"
"HighlandCow","4.6","1.5","3.2","0%","116","75","-45"
"HolsteinFriesianCow","4.8","1.5","3.2","0%","123","75","-50"
"JerseyCow","4.9","1.5","3.2","0%","121","75","-50"
"LimousinCow","4.7","1.5","3.2","0%","122","75","-42"
"LonghornCow","4.8","1.5","3.2","0%","128","75","-46"
"ZebuCow","4.6","1.5","3.2","0%","119","75","-47"
"MeatCow","4.7","1.5","3.2","0%","120","75","-46"
"MilkCow","4.7","1.5","3.2","0%","122","75","-47"
"WoolyCow","4.7","1.5","3.2","0%","120","75","-40"
"ZPT_QuakerParrot","4.8","0.55","3","0%","69","75","8"
"Wolf_Red","7.3","0.99","5","0%","141","75","-34"
"SC_Moleroach","4.2","1.7","4","17%","137","75","-58"
"SC_MoleroachBlue","4.2","1.7","4","17%","144","75","-63"
"StrayDogs_Hokkaido","5.1","0.75","4","0%","90","75","6"
"ZTT_SandshellTurtle","4.2","0.55","1.6","30%","90","75","-13"
"ZTT_Steelshell","4.0","0.55","1.9","38%","93","75","-23"
"Dhole","7.1","0.99","5","0%","139","75","-62"
"Dingo","6.0","1.05","5","0%","125","75","-48"
"AEXP_Giraffe","6.9","2.25","4.3","0%","209","75","-147"
"AEXP_Wildebeest","5.3","1.7","3.4","0%","144","75","-64"
"AEXP_Boombat","3.0","0.65","4","0%","58","75","18"
"AEXP_AfricanWildDog","7.1","0.99","5","0%","139","75","-63"
"VAERoy_Crane","6.1","1.5","1.5","0%","138","75","-66"
"VAEWaste_Wasteboar","7.4","1","4.6","0%","140","75","-62"
"FEB_Leadbelly","4.7","1.5","3.2","0%","117","75","-45"
"CK_KomodoDragon","5.0","1.8","4.23","0%","146","75","-68"
"CK_Python","10.7","1","4.84","0%","189","75","-122"
"ERN_Opossum","3.8","0.4","3.5","0%","56","76","19"
"ERN_Redpanda","3.1","0.4","4.1","0%","57","76","17"
"Lynx","7.4","0.8","5","0%","120","80","-46"
"Boomalope","5.6","0.65","3.6","0%","93","80","-13"
"Donkey","4.5","1.45","5","0%","126","80","-51"
"Toxalope","6.0","0.65","3.4","0%","88","80","-10"
"Panda","5.9","1.2","3.2","0%","130","80","-46"
"AA_FireWasp","2.4","2","1.5","0%","88","80","-7"
"AA_FrostAve","10.1","1.5","7","0%","231","80","-161"
"AA_Frostmite","4.9","0.8","6","15%","107","80","-20"
"AA_Skyeel","6.4","3","3.5","20%","313","80","-235"
"AA_Terramorph","6.7","1","1.8","62%","200","80","-115"
"SaintBernard","6.5","1.1","3","0%","126","80","-44"
"GermanShepard","6.5","1.1","3","0%","121","80","-50"
"akaNEKO_Maine_Coon","5.7","0.95","5","0%","135","80","-50"
"ZPT_Hyacinth","5.3","1","4.7","0%","113","80","-33"
"ZPT_Kea","6.7","1","4.8","0%","130","80","-47"
"ZPT_LilacMegakeet","6.0","1.5","5","0%","145","80","-69"
"ZPT_SunConure","5.1","0.55","3.9","0%","79","80","3"
"SCWhiteHorse","5.5","1.75","12","0%","172","80","-88"
"AEXP_Zebra","4.9","1.45","6.5","0%","138","80","-51"
"AEXP_Quagga","5.3","1.45","7.2","0%","136","80","-50"
"AEXP_TasmanianDevil","8.6","1","5","0%","125","80","-69"
"HC_Serval","5.6","0.7","6","0%","96","80","-14"
"Ostrich","8.5","1","6","0%","152","85","-69"
"AA_BlackSpelopede","5.6","1.9","4","30%","189","85","-113"
"ACPWoolyHorse","7.0","1.6","6","0%","177","85","-55"
"TYR_CattleEgret","3.0","1","4.5","0%","72","85","12"
"TYR_GreatEgret","5.6","1","50.5","0%","201","85","-115"
"TYR_ReddishEgret","5.5","1","6","0%","114","85","-30"
"TYR_SlatyEgret","4.0","1","6","0%","93","85","-6"
"TYR_SnowyEgret","3.2","1","6","0%","77","85","9"
"RG_Thrinaxodon","7.7","0.7","4","0%","114","85","-28"
"AEXP_Rattlesnake","6.2","0.5","3.3","0%","85","85","2"
"AEXP_Thylacine","6.7","1.05","5","0%","132","85","-48"
"VAEWaste_Hydra","15.6","0.55","3.5","0%","183","85","-84"
"Przewalski_horse","4.1","1.75","6.7","0%","124","86.56","-38"
"Dromedary","5.4","1.6","4.3","0%","148","90","-67"
"WYD_MamuffaloWood","16.1","3.75","3.8","0%","732","90","-663"
"WYD_MamuffaloSnow","16.6","3.75","3.5","0%","752","90","-655"
"WYD_MamuffaloLost","16.0","3.75","3.7","0%","732","90","-663"
"Coldwarg","10.5","1.4","5","0%","217","90","-131"
"AA_GiantCrownedSilkie","8.8","1","3","0%","149","90","-68"
"AA_Needlepost","2.0","2.2","3","15%","89","90","-1"
"AA_NightAve","8.7","1.6","7","0%","206","90","-115"
"ACPFishercat","3.6","0.8","6","0%","65","90","15"
"Gigantelope","8.4","1.75","3.6","0%","196","90","-108"
"Toraton","8.3","5","2.5","0%","493","90","-407"
"rtp_BorderCollie","7.9","1","7","0%","146","90","-60"
"Mamuffalo","12.5","3.75","3.6","0%","697","90","-635"
"ZPT_RubyMegakeet","7.0","1.5","5","0%","165","90","-79"
"ZTT_WiggleneckTurtle","5.3","0.78","2.2","36%","125","90","-35"
"AEXP_Camel","5.6","1.6","4.3","0%","148","90","-60"
"Fjord_horse","4.0","1.75","5.7","0%","125","93.44","-35"
"Wolf_Great","7.5","1.5","5.5","0%","173","95","-80"
"AA_RayHound","11.2","2","3","15%","190","95","-255"
"ACPMegascorpion","5.8","0.4","4","25%","103","95","-6"
"SCBlackHorse","8.3","1.75","10","0%","230","95","-150"
"ZTT_GiantStarTortoise","5.2","0.55","2.4","42%","118","95","-25"
"ZTT_Plasturtle","6.1","1.6","2.4","42%","212","95","-106"
"ZTT_Toughback","5.6","1.4","2.6","42%","169","95","-74"
"Mustang_horse","4.0","1.75","6.7","0%","128","95.08","-29"
"Connemara_horse","2.8","1.75","5.5","0%","97","95.41","0"
"Arabian_horse","4.3","1.75","6.9","0%","126","96.36","-34"
"Muffalo","6.2","1.75","4","0%","170","100","-72"
"Bison","6.5","1.75","4.7","0%","173","100","-2"
"Horse","4.2","1.75","5.8","0%","125","100","-28"
"AA_ChameleonYak","6.6","1.95","4","0%","196","100","-89"
"AA_Gigantelope","6.0","1.75","4.5","0%","171","100","-71"
"AA_LuciferBug","1.9","0.85","3","30%","62","100","40"
"AA_Radyak","6.1","1.75","4.5","0%","174","100","-74"
"AA_Slurrypede","3.8","5","1.9","55%","289","100","-191"
"AA_SpinedGow","6.0","1.95","3.9","0%","175","100","-78"
"AA_Thunderox","7.0","1.95","4","0%","191","100","-102"
"Appaloosa_horse","4.1","1.75","6.8","0%","129","100","-21"
"Gypsy_horse","4.0","1.75","5.6","0%","122","100","-22"
"Paint_horse","3.8","1.75","6.8","0%","122","100","-24"
"Quarter_horse","4.0","1.75","6.8","0%","126","100","-27"
"Thoroughbred_horse","4.2","1.75","7","0%","127","100","-29"
"ZDuck_ArcticRazorbill","7.8","1.3","5.2","0%","159","100","-78"
"ZDuck_GreaterMallard","6.3","1.75","4.5","0%","175","100","-40"
"ERN_Lox","6.9","1.75","4.5","0%","109","100","-90"
"EuropeanBadger","5.2","0.4","4","0%","71","100","31"
"CactusMantis","5.2","0.5","3.75","30%","108","100","-10"
"Whitefox","14.0","2","7.14","18%","418","100","-321"
"SCQuarterHorse","4.4","1.75","5.8","0%","130","100","-29"
"SCPalomino","3.7","1.75","8","0%","128","100","-28"
"StrayDogs_Kishu","8.2","1","5","0%","147","100","-44"
"StrayDogs_Shikoku","7.6","1","5","0%","147","100","-52"
"StrayDogs_AkitaJapanese","9.1","1","5","0%","160","100","-63"
"Bushdog","4.7","1.5","4","0%","128","100","-22"
"Manedwolf","5.8","1.4","5","0%","139","100","-30"
"VAEWaste_Megatardi","4.2","2.5","3.5","25%","194","100","-82"
"DA_Barog","6.3","1.75","4","0%","170","100","-72"
"DA_Pilgrim","8.1","1.8","6","0%","216","100","-133"
"FEB_Ferrohorn","9.2","1.75","4.4","0%","242","100","-155"
"AkhalTeke_horse","3.9","1.75","6.9","0%","130","101.64","-23"
"IrishHunter_horse","4.0","1.75","6.9","0%","129","104.92","-19"
"AA_AcanthamoebaGiganteaHuge","12.5","2.5","2","0%","397","105","-292"
"HC_Baboon","6.4","0.8","4.3","0%","109","105","-6"
"Friesian_horse","4.2","1.75","5.7","0%","122","106.56","-12"
"Elk","6.3","1.9","5","0%","182","110","-66"
"Caribou","6.3","2","5","0%","194","110","-78"
"Muskox","6.4","1.8","4.3","0%","189","110","-71"
"ACPAmurLeopard","11.0","0.75","5","0%","164","110","-61"
"ACPSnowLeopard","10.3","0.75","5","0%","161","110","-47"
"ZDuck_EiderPintail","9.0","1.75","4.8","0%","243","110","-129"
"Miraffe","9.5","3","4.5","0%","372","110","-269"
"SC_Rockbull","3.7","1.8","3.05","46%","161","110","-51"
"SC_RockbullAlbino","3.9","1.8","3.05","46%","157","110","-45"
"AEXP_Kangaroo","9.9","1.9","3","0%","280","110","-180"
"AEXP_Moa","11.0","2","5","0%","310","110","-203"
"Grimstone_EmperorVulture","9.1","1","3.6","0%","174","110","-56"
"ERN_PallasCat","7.0","0.6","5","0%","100","110","6"
"IrishDraught_horse","6.4","1.75","5.5","0%","169","119.67","-45"
"Shire_horse","5.9","1.75","5.5","0%","162","119.67","-53"
"Cougar","9.2","1.3","5","0%","194","120","-84"
"Panther","9.3","1.3","5","0%","185","120","-77"
"Cat_Scimitar","10.0","1.5","6","0%","213","120","-105"
"Alligator","10.0","1.2","2.8","0%","195","120","-79"
"AA_ColossalAerofleet","10.1","2","2.84","0%","286","120","-149"
"AA_Agaripawn","6.4","1.3","4","75%","244","120","-116"
"AA_Bumbledrone","2.4","0.8","5","0%","58","120","61"
"AA_Mime","7.3","2","4.6","0%","207","120","-100"
"AA_Wildpawn","6.1","1.3","4","75%","236","120","-118"
"ACPCheetah","12.3","1.3","7.5","0%","242","120","-131"
"AEXP_Cheetah","9.6","1.3","6.4","0%","200","120","-78"
"AEXP_Jaguar","9.8","1.3","5","0%","196","120","-76"
"HC_Snowleopard","8.7","1.3","5","0%","198","120","-70"
"HC_Watermonitor","6.0","1.2","4","0%","131","120","-9"
"Grimstone_NorthernLynx","7.2","1.3","5","0%","196","120","-79"
"CK_Tiger","9.2","1.3","5","0%","197","120","-76"
"CK_WhiteTiger","9.3","1.3","5","0%","189","120","-72"
"CK_SnowLeopard","9.2","1.3","5","0%","194","120","-72"
"CK_Jaguar","9.4","1.3","5","0%","191","120","-45"
"ERN_SnowLeopard","8.7","1.2","5","0%","197","120","-72"
"CK_Gorilla","9.9","2","4.7","0%","287","120","-150"
"Moose","7.5","2.1","4.7","0%","222","125","-89"
"AA_DuskProwler","14.2","2","6","10%","539","125","-295"
"AA_Frostling","12.6","2","6","10%","390","125","-77"
"AA_NightMule","8.3","1.75","4.5","0%","219","125","-94"
"AA_Nightling","8.5","1.15","5","0%","163","125","-45"
"AA_NightRam","8.4","2","4","0%","187","125","-110"
"AA_OcularNightling","6.5","1.5","5","0%","209","125","-72"
"AA_RedSpore","14.6","3","3.5","0%","407","125","-391"
"AA_RipperHound","12.8","2","5","20%","441","125","-280"
"AA_ShadowCharger","8.4","2","3.5","0%","251","125","-103"
"Tiger","9.5","1.5","5.2","0%","225","130","-91"
"DA_BeardedTroll","9.8","2","5","0%","285","130","-158"
"RG_WoollyStegosaurus","8.7","4.2","4.3","17%","919","135","-875"
"VAERoy_Orangutan","7.4","2","3","0%","206","135","-88"
"HC_Alligatorturtle","9.1","1.6","1.2","42%","283","140","-77"
"Megaspider","5.7","2.5","3.6","22%","217","150","-81"
"ACPUnicorn","10.8","1.75","8.5","0%","279","150","-72"
"AA_BloodShrimp","9.2","3","5.5","25%","410","150","-260"
"AA_BumbledroneQueen","3.1","1.3","4","0%","87","150","65"
"AA_ChemfuelMyrmidon","5.2","1.5","3","25%","153","150","-8"
"AA_FungalHusk","7.4","4","4.6","0%","370","150","-220"
"AA_MegaLouse","8.3","0.85","3","30%","177","150","-16"
"AA_Metallovore","9.9","2","2","0%","261","150","-126"
"ACPAcidAnt","3.0","0.7","3.9","12%","71","150","81"
"ACPGiraffe","7.8","1.6","4.6","0%","197","150","-44"
"HC_Yeti","9.8","2.8","4.8","12%","398","150","-237"
"RG_ArcticDrak","8.5","3.8","4.6","10%","344","150","-287"
"RG_SabertoothTiger","13.3","1.5","5.2","0%","305","150","-136"
"emperor_penguin","12.0","1.75","4.1","0%","316","150","-163"
"VAERoy_RoyalTiger","14.3","1.75","5","0%","364","150","-254"
"VAEWaste_Toxlion","5.8","1","4.4","0%","117","150","40"
"VAEWaste_Wasteffalo","9.9","1.75","4.5","0%","261","150","-113"
"HC_KomodoDragon","8.7","2","4.4","20%","276","150","-146"
"Warg","10.6","1.4","5","0%","237","160","-71"
"Gorilla","10.1","2","4.7","0%","272","160","-130"
"ERN_FrostWolf","9.9","1.8","5.4","0%","269","160","-97"
"RG_TerrorBird","13.5","2.5","5.6","0%","458","160","-259"
"rtp_RhodesianRidgeback","8.7","1.5","6.5","0%","201","160","-36"
"Rat_Large","10.0","1.4","5","0%","219","160","-67"
"AEXP_GermanShepherd","9.4","1.4","5","0%","219","160","-49"
"DA_Karabal","10.7","1.4","5.5","0%","224","160","-64"
"DA_ImperialRedhound","10.4","2.5","5.5","0%","348","160","-185"
"HC_Galapagostortoise","5.3","2.2","1","42%","210","160","-74"
"AA_BlackSpider","7.0","3","5","32%","316","175","-122"
"AA_CrescendoAnole","2.4","2","3","0%","156","175","20"
"AA_Darkbeast","15.3","2","4","15%","419","175","-286"
"AA_DecayDrake","10.4","2","4","0%","293","175","-108"
"AA_Erin","9.8","2","4","0%","292","175","-102"
"AA_RoughPlatedMonitor","10.8","2","3","30%","330","175","-162"
"AA_TarGuzzler","11.2","2","2","0%","322","175","-130"
"AA_Thermadon","7.0","3","5","32%","305","175","-149"
"AA_Thunderbeast","16.2","2","4","15%","499","175","-221"
"AA_WindBeast","15.2","2","4.75","15%","417","175","-287"
"RG_Velociraptor","8.0","1.5","6","0%","224","175","-53"
"AA_FrostboundBehemoth","16.6","3","2","50%","718","180","-574"
"ACPHoneyBadger","10.7","1.45","5.5","0%","239","180","-54"
"Belgian_Malinois","9.9","1.2","6.2","0%","204","180","-26"
"AA_BumbledroneHierophant","11.5","3","4","0%","454","190","-237"
"AA_Razorjack","9.5","2","4","0%","280","190","-101"
"ACPLion","12.4","1.9","5","0%","347","190","-151"
"SpottedHyena","6.9","1","6.1","0%","142","195","54"
"StripedHyena","2.7","1","6.1","0%","106","195","84"
"Bear_Grizzly","10.6","2.5","4.6","0%","354","200","-150"
"Bear_Polar","10.2","2.5","4.6","0%","360","200","-167"
"AA_Animalisk","10.8","1.2","4","40%","304","200","-91"
"AA_CrepuscularBeetle","11.2","1.2","4","40%","314","200","-97"
"AA_CrystallineCaracal","7.1","1.5","5","0%","167","200","19"
"AA_Feralisk","11.3","1.2","5.5","40%","302","200","-107"
"AA_GreatDevourer","9.7","2","2.8","40%","329","200","-138"
"AA_IronhuskBeetle","13.1","1.5","2.8","75%","459","200","-268"
"AA_Junglelisk","11.1","1.4","5.5","40%","313","200","-110"
"AA_MammothWorm","17.0","3","2","50%","768","200","-590"
"AA_Mantrap","7.1","1.5","3","15%","157","200","2"
"ACPBlackbear","10.5","1.5","4.3","0%","250","200","-50"
"Boneworm","9.5","2.5","4.6","0%","316","200","-119"
"pphhyy_Vargulf","16.4","3","5.5","0%","576","200","-429"
"AEXP_Crocodile","10.6","1.6","2.6","0%","246","200","-48"
"AEXP_BlackBear","8.1","2.5","4.5","0%","357","200","-144"
"DA_Taraal","12.9","3","5.6","0%","469","200","-265"
"DA_SnowTaraal","11.7","3","5.6","0%","465","200","-265"
"CK_Panda","11.1","2.5","4.6","0%","360","200","-154"
"ZEle_BorneoPygmy","8.6","2.6","4","0%","291","210","-94"
"AA_Helixien","4.0","8","0.6","0%","378","220","-161"
"AA_Ravager","11.8","5","5","40%","808","220","-617"
"AEXP_Lion","12.1","1.6","4.4","0%","284","220","-57"
"DA_Phrak","5.3","1.1","4.3","0%","110","220","106"
"AEXP_Anaconda","10.0","2","4","0%","281","225","-76"
"DA_Snaptoad","11.7","2.75","4.5","0%","446","230","-212"
"AEXP_IndianElephant","8.9","3","4.5","0%","360","235","-131"
"ZEle_AsianElephant","10.0","3.6","4.2","0%","433","240","-197"
"AEXP_BlackRhino","7.3","3.1","4.5","0%","398","240","-144"
"Hippo","11.6","3.4","4.2","0%","462","250","-216"
"AA_Agaripod","13.6","3.6","2.5","150%","964","250","-751"
"AA_Wildpod","13.6","3.6","3","150%","1011","250","-733"
"DA_Goldilox","12.8","8","5.5","25%","1269","250","-972"
"Elephant","11.3","3.6","4.8","0%","531","260","-252"
"ZEle_Kallana","5.7","1.6","4.5","0%","151","260","112"
"Rhinoceros","10.8","3.5","4.5","0%","477","270","-234"
"ZEle_Appo","12.8","4","4.9","0%","639","270","-364"
"HC_Owlbear","11.7","3.2","4.8","0%","261","270","-219"
"AA_FrostLynx","10.0","2.5","5","0%","343","275","-74"
"AA_Genix","9.6","2.5","4","0%","341","275","-50"
"AA_SandProwler","10.6","2.5","4","0%","334","275","-63"
"Megasloth","8.9","3.6","3.2","0%","421","280","-285"
"RG_WoollyMammoth","14.0","3.6","4.5","0%","602","280","-334"
"ZGF_MegaMart","5.2","3.7","5","0%","468","285","-196"
"ACPBlackRhinoceros","11.5","5.5","5.8","0%","701","290","-301"
"ACPWoolyRhino","11.6","3.5","34","0%","610","290","-301"
"AA_ArcticLion","13.0","2.5","6","0%","382","300","-97"
"AA_Blizzarisk","10.4","1.9","5.2","40%","382","300","-72"
"AA_Dunealisk","11.4","1.9","5","40%","378","300","-82"
"AA_Lockjaw","8.5","2.7","3","0%","322","300","-14"
"AA_RaptorShrimp","15.3","3","4.7","35%","665","300","-353"
"AA_SandLion","12.7","2.5","6","0%","411","300","-78"
"RG_WoollyRhinoceros","16.6","3.6","4","0%","707","300","-387"
"DA_BlackScribe","7.9","2.2","4.3","45%","315","300","-15"
"BlackBear","10.6","2.5","4.3","0%","353","310","-69"
"Giantala","14.2","3.6","3.5","0%","449","310","-287"
"Megasquid","11.8","3.6","3","0%","529","310","-204"
"Grimstone_Belloceros","12.1","3.5","4.6","0%","548","320","-208"
"Mastodon","12.7","4","4.7","0%","595","330","-270"
"AA_BoulderMit","18.7","9","1","70%","2119","350","-1830"
"AA_Cinderlisk","10.5","1.9","5","40%","385","350","-5"
"AA_Groundrunner","5.2","3","2.8","15%","238","350","108"
"AA_Plasmorph","13.3","1","1","50%","339","350","11"
"AA_SandSquid","11.4","1","1","70%","338","350","0"
"VAEWaste_Toxbear","10.4","2.5","1.8","0%","351","350","-11"
"DA_LeviathanCrab","11.7","7","4.6","72%","1238","350","-832"
"DA_NorthernDrog","14.8","9","5.6","40%","1631","350","-1159"
"DA_RedhornedLarpah","13.8","6","6.5","0%","926","350","-602"
"AEXP_MegaWolverine","16.4","3.6","4.8","0%","555","380","-387"
"ACPMegabadger","11.7","8","4.5","0%","1089","400","-710"
"HC_Carbuncle","5.5","0.7","4.6","0%","88","400","311"
"HC_Kelpie","8.0","2.15","5.7","0%","242","400","156"
"DA_Crestel","12.8","6","5.6","45%","904","400","-606"
"HC_Gorgon","10.9","3","5","90%","594","450","-122"
"HC_Griffin","13.9","2","6.8","0%","377","450","69"
"HC_Nightmares","9.6","2.45","6","0%","318","450","140"
"HC_Unicorn","9.5","2.15","6.2","0%","218","450","176"
"VAEWaste_Pestigator","10.7","3","1.5","75%","516","450","-122"
"ZEle_Skelephant","15.0","6.6","5.2","50%","1183","480","-680"
"Thrumbo","13.6","8","5.5","50%","1374","500","-849"
"HiveQueen","13.7","9.8","3.4","24%","1561","500","-1061"
"AA_AnimaColossus","13.4","2.7","2","0%","459","500","53"
"AA_Barbslinger","14.5","2","4","40%","522","500","24"
"AA_EngorgedTentacularAberration","16.1","4","1.5","0%","720","500","-213"
"AA_MatureFleshbeast","12.5","2.7","2","0%","444","500","77"
"AA_MycoidColossus","13.2","2.7","2","0%","459","500","45"
"AA_OvergrownColossus","13.3","2.7","2","0%","455","500","49"
"HC_Wyvern","20.1","5.5","6.8","60%","1416","500","-943"
"Ling_Cockroach","26.9","3","4.5","70%","1406","500","-948"
"VAEWaste_Toxscorpion","14.5","2","4","50%","531","500","-12"
"Grimstone_Griffar","17.1","7","4.8","50%","1510","500","-1010"
"AA_Behemoth","13.2","10","4","50%","1621","600","-901"
"AA_BlizzariskClutchMother","16.4","3","3","60%","814","600","-176"
"AA_DunealiskClutchMother","16.6","3","5","60%","788","600","-195"
"AA_FeraliskClutchMother","16.4","3","5.5","60%","789","600","-181"
"ACPSpiritwolf","13.2","10.15","5.1","0%","1475","605","-856"
"AA_TeratogenicOriginator","18.6","7","0.6","0%","1630","650","-980"
"AA_TetraSlug","5.8","10","0.6","0%","682","650","-57"
"DA_RockTroll","11.7","10","3.5","95%","1505","650","-826"
"AA_Skiphound","7.2","3","4","0%","290","700","410"
"Grimstone_Grimshadow","16.1","12","4.2","57%","2225","700","-1504"
"HC_Roc","21.1","8.5","7.5","50%","2035","750","-1409"
"AlphaThrumbo","19.6","12","6","70%","2789","800","-2016"
"AA_SummitCrab","24.1","4","1","150%","1783","800","-1000"
"AA_Atispec","18.4","20","3","22%","3866","1000","-2719"
"AA_Gallatross","37.3","40","5.7","0%","15486","1000","-13869"
"AA_GallatrossMoribund","38.1","40","5.7","0%","15794","1000","-14332"
"AA_UnblinkingEye","16.1","20","2","50%","3497","1000","-2782"
"Nem_Mantis","8.0","10","4","0%","844","1000","133"
"DW_Garmr","14.4","10","7","95%","1706","1230","-558"
