"","wildness","min handling skill","trainability","FenceBlocked","manhunterOn Damage Chance","manhunterOn TameFail Chance","predator","bodySize","max PreyBodySize","canBe PredatorPrey","petness","nuzzle MtbHours","pack Animal","herd Animal","wildGroupSize Min","wildGroupSize Max","CanDo HerdMigration","herd Migration Allowed","mateMtb"
"Bear_Grizzly","80%","8","Advanced","","50.0%","30.0%","✓","2.15","3.00","✓","0%","60","✓","","","","✓","✓","12"
"Bear_Polar","85%","9","Advanced","","50.0%","30.0%","✓","2.15","3.00","✓","0%","63","✓","","","","✓","✓","12"
"Ostrich","95%","10","None","✓","100.0%","10.0%","","1.00","","✓","0%","69","","","","","✓","✓","12"
"Emu","95%","10","None","✓","100.0%","100.0%","","0.60","","✓","0%","69","","","","","✓","✓","12"
"Cassowary","80%","8","None","✓","100.0%","10.0%","","0.60","","✓","0%","60","","","","","✓","✓","12"
"Cougar","80%","8","Advanced","","50.0%","30.0%","✓","1.00","1.00","✓","0%","60","✓","","","","✓","✓","12"
"Panther","80%","8","Advanced","","50.0%","30.0%","✓","1.00","1.00","✓","0%","60","✓","","","","✓","✓","12"
"Lynx","80%","8","Intermediate","","50.0%","20.0%","✓","0.60","1.00","✓","0%","60","✓","","","","✓","✓","12"
"Cat","0%","0","Advanced","","","","✓","0.50","0.25","✓","100%","12","","","","","✓","✓","12"
"YorkshireTerrier","0%","0","Intermediate","","","","","0.32","","✓","100%","12","","","","","✓","✓","12"
"GuineaPig","60%","6","None","","","","","0.20","","✓","30%","48","","","3","8","✓","✓","8"
"LabradorRetriever","0%","0","Advanced","","","","","0.75","","✓","100%","12","✓","","","","✓","✓","12"
"Husky","0%","0","Advanced","","","","","0.86","","✓","100%","12","✓","","","","✓","✓","12"
"Monkey","60%","6","Intermediate","","","","","0.35","","✓","50%","48","","✓","3","7","✓","✓","12"
"Chicken","0%","0","None","✓","","","","0.30","","✓","0%","12","","","","","✓","✓","8"
"Duck","0%","0","None","✓","","","","0.30","","✓","0%","12","","","","","✓","✓","8"
"Turkey","0%","0","None","✓","20.0%","","","0.48","","✓","0%","12","","","","","✓","✓","12"
"Goose","60%","6","None","✓","10.0%","","","0.60","","✓","0%","48","","","","","✓","✓","8"
"Cow","0%","0","None","✓","","","","2.40","","✓","0%","12","✓","✓","3","7","✓","✓","12"
"Boomalope","70%","7","None","✓","30.0%","5.0%","","1.29","","✓","0%","54","","✓","3","6","✓","✓","12"
"Muffalo","32%","3","None","✓","60.0%","3.0%","","3.00","","✓","0%","31.2","✓","✓","3","9","✓","✓","12"
"Bison","60%","6","None","✓","10.0%","","","2.40","","✓","0%","48","✓","✓","3","9","✓","✓","12"
"Dromedary","25%","2","None","✓","","","","2.10","","✓","0%","27","✓","✓","2","5","✓","✓","12"
"Goat","0%","0","None","✓","","","","0.75","","✓","0%","12","✓","","","","✓","✓","12"
"Elk","75%","8","None","✓","","","","2.10","","✓","0%","57","✓","✓","3","9","✓","✓","12"
"Yak","20%","2","None","✓","","","","2.10","","✓","30%","24","✓","✓","3","5","✓","✓","12"
"Caribou","75%","8","None","✓","10.0%","","","1.00","","✓","0%","57","✓","✓","3","9","✓","✓","12"
"Horse","35%","3","None","✓","","","","2.40","","✓","60%","33","✓","✓","3","6","✓","✓","12"
"Donkey","0%","0","None","✓","","","","1.40","","✓","60%","12","✓","✓","2","4","✓","✓","12"
"Elephant","75%","8","Advanced","","50.0%","","","4.00","","✓","0%","57","✓","✓","3","7","✓","✓","12"
"Rhinoceros","90%","9","None","","70.0%","15.0%","","3.06","","✓","0%","66","","✓","","4","✓","✓","12"
"Hare","72%","7","Intermediate","","20.0%","5.0%","","0.38","","✓","8%","55.2","","","","","✓","✓","8"
"Snowhare","75%","8","None","","","","","0.20","","✓","8%","57","","","","","✓","✓","8"
"Megascarab","20%","2","Intermediate","","50.0%","","","0.20","","✓","0%","24","","","","","✓","✓","12"
"Spelopede","30%","3","Advanced","","50.0%","","","0.80","","✓","0%","30","✓","","","","✓","✓","12"
"Megaspider","40%","4","Advanced","","50.0%","","","1.20","","✓","0%","36","✓","","","","✓","✓","12"
"Thrumbo","98%","10","Advanced","","100.0%","","","4.00","","✓","0%","70.8","✓","","","","","","12"
"Cobra","75%","8","None","","50.0%","10.0%","✓","0.25","0.35","✓","5%","57","","","","","✓","✓","12"
"Tortoise","75%","8","None","","","","","0.50","","✓","0%","57","","","","","✓","✓","12"
"Alphabeaver","75%","8","None","","50.0%","10.0%","","0.45","","✓","0%","57","","✓","3","9","✓","✓","12"
"Pig","0%","0","None","✓","","","","1.70","","✓","0%","12","✓","","","","✓","✓","12"
"WildBoar","50%","5","None","✓","","","","0.85","","✓","0%","42","✓","✓","5","10","✓","✓","12"
"Ibex","65%","6","None","✓","50.0%","10.0%","","1.05","","✓","0%","51","","✓","","3","✓","✓","12"
"Deer","70%","7","None","✓","40.0%","10.0%","","1.29","","✓","0%","54","✓","✓","3","9","✓","✓","12"
"Gazelle","75%","8","None","✓","","","","0.70","","✓","0%","57","✓","✓","4","13","✓","✓","12"
"Chinchilla","60%","6","None","✓","","","","0.35","","✓","20%","48","","","","","✓","✓","8"
"Sheep","0%","0","None","✓","","","","1.00","","✓","0%","12","","✓","","","✓","✓","12"
"Alpaca","25%","2","None","✓","","","","1.00","","✓","0%","27","✓","✓","2","5","✓","✓","12"
"Megasloth","90%","9","Intermediate","","55.0%","28.0%","","3.85","","✓","0%","66","✓","","","","✓","✓","12"
"Capybara","75%","8","None","✓","","","","0.75","","","8%","57","","✓","3","9","✓","✓","12"
"Squirrel","72%","7","Intermediate","","8.0%","3.0%","","0.16","","✓","0%","55.2","","","","","✓","✓","12"
"Rat","42%","4","Intermediate","","25.0%","5.0%","","0.10","","✓","15%","37.2","","","","","✓","✓","6"
"Boomrat","75%","8","None","","","","","0.20","","✓","20%","57","","","","","✓","✓","8"
"Raccoon","65%","6","Intermediate","","30.0%","8.0%","✓","0.48","0.30","✓","0%","51","","","","","✓","✓","10"
"Iguana","50%","5","None","","","","","0.40","","✓","15%","42","","","","","✓","✓","12"
"Warg","60%","6","Intermediate","","100.0%","40.0%","✓","1.40","2.30","✓","50%","48","✓","","","","✓","✓","12"
"Wolf_Timber","85%","9","Advanced","","100.0%","30.0%","✓","0.85","2.30","✓","10%","63","✓","","","","✓","✓","12"
"Wolf_Arctic","85%","9","Advanced","","100.0%","30.0%","✓","0.85","2.30","✓","10%","63","✓","","","","✓","✓","12"
"Fox_Fennec","75%","8","Intermediate","","","","✓","0.55","0.80","✓","10%","57","","","","","✓","✓","12"
"Fox_Red","75%","8","Intermediate","","","","✓","0.55","0.80","✓","10%","57","","","","","✓","✓","12"
"Fox_Arctic","75%","8","Intermediate","","","","✓","0.55","0.80","✓","10%","57","","","","","✓","✓","12"
"Dryad_Basic","0%","0","None","","100.0%","","","0.67","","✓","0%","12","","","","","","","12"
"Dryad_Woodmaker","0%","0","None","","100.0%","","","0.67","","✓","0%","12","","","","","","","12"
"Dryad_Berrymaker","0%","0","None","","100.0%","","","0.67","","✓","0%","12","","","","","","","12"
"Dryad_Medicinemaker","0%","0","None","","100.0%","","","0.67","","✓","0%","12","","","","","","","12"
"Dryad_Gaumaker","0%","0","None","","100.0%","","","0.67","","✓","0%","12","","","","","","","12"
"Dryad_Carrier","0%","0","Advanced","","100.0%","","","0.67","","✓","0%","12","","","","","","","12"
"Dryad_Clawer","0%","0","Intermediate","","100.0%","","","0.67","","✓","0%","12","","","","","","","12"
"Dryad_Barkskin","0%","0","Intermediate","","100.0%","","","0.65","","✓","0%","12","","","","","","","12"
"WasteRat","50%","5","Intermediate","","50.0%","20.0%","","0.30","","✓","15%","42","","","","","✓","✓","8"
"Toxalope","60%","6","None","✓","10.0%","10.0%","","1.40","","✓","0%","48","","✓","3","6","✓","✓","12"
"BogHound","50%","5","Intermediate","","50.0%","30.0%","✓","0.85","1.00","✓","0%","42","","✓","2","4","✓","✓","12"
"MonitorLizard","50%","5","None","","","","✓","0.60","0.80","✓","15%","42","","","","","✓","✓","12"
"PrairieDog","50%","5","None","","","","","0.20","","✓","0%","42","","","","","✓","✓","8"
"Porcupine","75%","8","None","","","","","0.35","","✓","0%","57","","","","","✓","✓","8"
"Mastodon","75%","8","Advanced","","50.0%","10.0%","","4.50","","✓","0%","57","✓","✓","3","7","✓","✓","12"
"Cat_Scimitar","80%","8","Advanced","","100.0%","40.0%","✓","1.30","1.00","✓","5%","60","","","","","✓","✓","12"
"Wolverine","95%","10","None","","100.0%","50.0%","✓","0.70","0.80","✓","0%","69","","","","","✓","✓","8"
"Wolf_Great","95%","10","Advanced","","100.0%","30.0%","✓","1.50","2.30","✓","10%","69","","","","","✓","✓","12"
"Moose","75%","8","None","✓","20.0%","10.0%","","2.50","","✓","0%","57","","","","","✓","✓","12"
"AlphaThrumbo","99%","14","Advanced","","100.0%","10.0%","","5.00","","✓","0%","71.4","","","","","","","12"
"Muskox","75%","8","None","✓","10.0%","","","2.50","","✓","0%","57","","✓","3","9","✓","✓","12"
"Tiger","90%","9","Advanced","","75.0%","50.0%","✓","1.40","1.00","✓","0%","66","","","","","✓","✓","12"
"Mink","75%","8","None","","","","","0.35","","✓","0%","57","","","","","✓","✓","12"
"Gorilla","60%","6","Advanced","","50.0%","10.0%","","2.00","","✓","0%","48","","","","","✓","✓","12"
"Badger","80%","8","None","","100.0%","50.0%","","0.60","","✓","0%","60","","","","","✓","✓","12"
"Panda","40%","4","Intermediate","","","","","1.50","","✓","0%","36","","","","","✓","✓","12"
"Hippo","90%","9","None","","100.0%","30.0%","","2.80","","✓","0%","66","","✓","","4","✓","✓","12"
"Megavole","40%","4","Intermediate","","10.0%","","","0.80","","✓","5%","36","","","","","✓","✓","12"
"Alligator","90%","9","None","","50.0%","30.0%","✓","1.50","1.20","✓","0%","66","","","","","✓","✓","12"
"Bullfrog","50%","5","None","✓","8.0%","2.0%","✓","0.19","0.08","✓","5%","42","","","","","✓","✓","24"
"ColossusToad","25%","2","Intermediate","","","","","0.80","","✓","0%","27","","","","","✓","✓","12"
"LavaSnail","25%","2","None","✓","","","","0.90","","✓","0%","27","","","2","4","✓","✓","12"
"Sparrow","60%","6","None","","","","","0.12","","✓","0%","48","","✓","3","5","✓","✓","8"
"Crow","25%","2","Intermediate","","10.0%","","","0.15","","✓","15%","27","","✓","2","4","✓","✓","8"
"Bluebird","60%","6","None","","","","","0.15","","✓","0%","48","","","","","✓","✓","8"
"Quail","60%","6","None","✓","","","","0.25","","✓","0%","48","","✓","2","4","✓","✓","8"
"Macaw","25%","2","Advanced","","","","","0.35","","✓","20%","27","","","","","✓","✓","8"
"Flamingo","50%","5","None","","20.0%","5.0%","","0.35","","✓","0%","42","","✓","3","5","✓","✓","24"
"Heron","45%","4","None","","","","","0.60","","✓","0%","39","","","","","✓","✓","12"
"Swan","45%","4","None","","50.0%","5.0%","","0.60","","✓","0%","39","","","","","✓","✓","12"
"Peacock","45%","4","None","✓","","","","0.60","","✓","0%","39","","","","","✓","✓","12"
"Vulture","45%","4","Intermediate","","","","","0.60","","✓","0%","39","","","","","✓","✓","12"
"Walrus","75%","8","None","","50.0%","10.0%","","2.00","","✓","0%","57","","✓","2","4","✓","✓","12"
"SeaLion","50%","5","Advanced","","10.0%","","","1.20","","✓","0%","42","","✓","2","4","✓","✓","12"
"Seal","50%","5","Advanced","","","","","0.80","","✓","0%","42","","✓","2","4","✓","✓","12"
"HermitCrab","75%","8","None","","","","","0.20","","✓","0%","57","","","","","✓","✓","12"
"StoneCrab","75%","8","None","","","","","0.30","","✓","0%","57","","","","","✓","✓","12"
"SeaTurtle","75%","8","None","","","","","0.50","","✓","0%","57","","","","","✓","✓","12"
"Otter","50%","5","Intermediate","","","","","0.40","","✓","0%","42","","","","","✓","✓","8"
"Larva","20%","2","Intermediate","","50.0%","","","0.20","","✓","0%","24","","","","","✓","✓","12"
"HiveQueen","99%","14","Advanced","","100.0%","100.0%","","4.50","","✓","0%","71.4","","","","","✓","✓","12"
"Locust","30%","3","Intermediate","","50.0%","","","0.60","","✓","0%","30","","","","","✓","✓","12"
"CCPChocolateBun","0%","0","None","","","","","0.20","","✓","100%","12","","","","","✓","✓","8"
"WYD_MamuffaloWood","65%","6","None","✓","15.0%","5.0%","","2.58","","✓","0%","51","✓","✓","3","7","✓","✓","12"
"WYD_MamuffaloSnow","72%","7","None","✓","22.0%","12.0%","","3.29","","✓","0%","55.2","✓","✓","2","4","✓","✓","12"
"WYD_MamuffaloLost","58%","6","None","✓","12.0%","8.0%","","2.58","","✓","0%","46.8","✓","✓","","","✓","✓","12"
"ACPUnicorn","95%","10","Advanced","","100.0%","1.0%","","2.00","","✓","30%","69","✓","✓","3","7","✓","✓","12"
"Coldwarg","65%","6","Advanced","","45.0%","35.0%","✓","1.40","2.30","✓","50%","51","","","","","✓","✓","12"
"FancyRat","40%","4","Intermediate","","","","","0.15","","✓","100%","36","","","","","✓","✓","8"
"DireRat","75%","8","Intermediate","","10.0%","10.0%","✓","0.85","1.50","✓","100%","57","","","","","✓","✓","16"
"GiantRakali","70%","7","Advanced","","15.0%","5.0%","","3.00","","✓","0%","54","✓","","","3","✓","✓","48"
"KangarooRat","40%","4","Intermediate","","5.0%","1.0%","","0.65","","✓","0%","36","","✓","","","✓","✓","48"
"PackRat","60%","6","Advanced","","5.0%","1.0%","","1.95","","✓","0%","48","✓","✓","","","✓","✓","48"
"Packaroo","60%","6","Advanced","","5.0%","1.0%","","1.80","","✓","0%","48","✓","✓","","","✓","✓","48"
"ScourgeRat","75%","8","Advanced","","25.0%","10.0%","✓","1.55","99999.00","✓","0%","57","","","","","✓","✓","72"
"ThorntailMouse","60%","6","Advanced","","10.0%","5.0%","✓","1.60","1.00","✓","0%","48","✓","","","","✓","✓","48"
"SnowRat","40%","4","Intermediate","","","","","0.25","","✓","100%","36","","","","","✓","✓","8"
"AA_AcanthamoebaGiganteaSmall","42%","4","None","","","","","0.20","","✓","0%","37.2","","","","","✓","✓","12"
"AA_AcanthamoebaGiganteaLarge","42%","4","None","","","","","0.80","","✓","0%","37.2","","","","","✓","✓","12"
"AA_AcanthamoebaGiganteaHuge","42%","4","None","","","","","1.50","","✓","0%","37.2","","","","","✓","✓","12"
"AA_Aerofleet","60%","6","None","","","","","0.20","","✓","0%","48","","✓","","7","✓","✓","12"
"AA_ColossalAerofleet","80%","8","None","","","","","2.00","","✓","0%","60","","✓","","","","","12"
"AA_Agaripawn","75%","8","Intermediate","","","1.8%","","1.40","","✓","0%","57","","","","3","✓","✓","12"
"AA_Agaripod","90%","9","Intermediate","","","1.8%","","4.00","","✓","0%","66","","","2","6","✓","✓","12"
"AA_AngelMothLarva","70%","7","None","","","","","0.10","","✓","0%","54","","✓","2","5","✓","✓","12"
"AA_AngelMoth","65%","6","Intermediate","","10.0%","2.0%","","0.75","","✓","0%","51","","✓","","","✓","✓","12"
"AA_AnimaColossus","91%","9","Intermediate","","75.0%","","","6.00","","✓","0%","66.6","","","","","✓","✓","12"
"AA_Animalisk","90%","9","Advanced","","100.0%","10.0%","","1.00","","✓","0%","66","","✓","","","✓","✓","12"
"AA_AnimusVox","50%","5","Advanced","","","","✓","0.65","0.80","✓","50%","42","","","","","✓","✓","12"
"AA_ArcticLion","90%","9","Advanced","","100.0%","20.0%","✓","2.00","99999.00","✓","0%","66","","","","","✓","✓","12"
"AA_LarvalAtispec","80%","8","None","","","","","0.10","","✓","0%","60","","✓","3","8","✓","✓","12"
"AA_Atispec","80%","8","Advanced","","100.0%","50.0%","✓","7.00","99999.00","✓","0%","60","","","","","✓","✓","12"
"AA_AuroraSylph","80%","8","Intermediate","","10.0%","2.0%","","0.50","","✓","0%","60","","✓","","","✓","✓","12"
"AA_Barbslinger","90%","9","Intermediate","","50.0%","","✓","2.50","99999.00","✓","0%","66","","","","3","✓","✓","12"
"AA_BedBug","75%","8","None","","100.0%","20.0%","✓","0.50","0.80","✓","0%","57","","","3","7","✓","✓","12"
"AA_Behemoth","99%","14","Advanced","","90.0%","20.0%","","8.00","","✓","0%","71.4","✓","","","","✓","✓","12"
"AA_BlackScarab","95%","10","None","","95.0%","20.0%","","0.30","","✓","0%","69","","","","","✓","✓","12"
"AA_BlackSpelopede","95%","10","Intermediate","","95.0%","20.0%","","1.00","","✓","0%","69","","","","","✓","✓","12"
"AA_BlackSpider","100%","14","Advanced","","95.0%","20.0%","","1.50","","✓","0%","72","","","","","✓","✓","12"
"AA_Blizzarisk","98%","12","Advanced","","100.0%","10.0%","✓","2.00","99999.00","✓","0%","71.1","","","2","4","✓","✓","12"
"AA_BlizzariskClutchMother","100%","14","Advanced","","100.0%","80.0%","✓","3.00","99999.00","✓","0%","72","","","","","✓","✓","12"
"AA_BloodShrimp","80%","8","Intermediate","","80.0%","10.0%","✓","1.00","0.80","✓","0%","60","","","","","✓","✓","12"
"AA_Bobeene","30%","3","None","✓","","","","2.10","","✓","0%","30","✓","✓","2","6","✓","✓","12"
"AA_BoulderMit","70%","7","None","","1.0%","20.0%","","4.00","","✓","0%","54","","","","","✓","✓","12"
"AA_SummitCrab","100%","14","None","","1.0%","","","15.00","","✓","0%","72","","","","","✓","✓","12"
"AA_Bumbledrone","80%","8","Intermediate","","10.0%","10.0%","","0.79","","✓","0%","60","","✓","3","8","✓","✓","12"
"AA_BumbledroneHierophant","80%","8","Intermediate","","50.0%","10.0%","","0.79","","✓","0%","60","","✓","","2","✓","✓","12"
"AA_BumbledroneQueen","80%","8","Advanced","","10.0%","10.0%","","0.79","","✓","0%","60","","✓","","","✓","✓","12"
"AA_Cactipine","75%","8","Intermediate","","100.0%","20.0%","","0.50","","✓","0%","57","","✓","","10","✓","✓","12"
"AA_ChameleonYak","60%","6","None","✓","","","","2.50","","✓","0%","48","✓","✓","3","9","✓","✓","12"
"AA_ChemfuelMyrmidon","80%","8","None","✓","50.0%","","","1.50","","✓","0%","60","","","","","✓","✓","12"
"AA_Cinderlisk","98%","12","Advanced","","100.0%","10.0%","✓","2.50","99999.00","✓","0%","71.1","","✓","","2","✓","✓","12"
"AA_CrepuscularBeetle","75%","8","None","✓","","","","3.00","","✓","0%","57","✓","✓","","3","✓","✓","12"
"AA_CrescendoAnole","70%","7","Intermediate","","","","","0.30","","✓","5%","54","","","","","✓","✓","12"
"AA_CrystalMit","60%","6","None","","","","","0.50","","✓","0%","48","","","","","✓","✓","12"
"AA_CrystallineCaracal","75%","8","Advanced","","100.0%","10.0%","✓","0.80","0.75","✓","0%","57","","","","","✓","✓","12"
"AA_DarkVandal","60%","6","Advanced","","95.0%","4.0%","","1.20","","✓","0%","48","","✓","3","7","✓","✓","12"
"AA_Darkbeast","65%","6","Intermediate","","75.0%","2.0%","","1.50","","✓","0%","51","","","","","✓","✓","12"
"AA_DecayDrake","80%","8","Advanced","","35.0%","35.0%","✓","1.00","2.00","✓","0%","60","","","","","✓","✓","12"
"AA_DesertAve","75%","8","Advanced","","25.0%","4.0%","","1.00","","✓","0%","57","✓","✓","2","4","✓","✓","12"
"AA_DevilSheep","30%","3","None","✓","100.0%","30.0%","","0.50","","✓","0%","30","","✓","","","✓","✓","12"
"AA_DrainerLarva","70%","7","None","","","","","0.10","","✓","0%","54","","✓","2","5","✓","✓","12"
"AA_Drainer","65%","6","None","","10.0%","2.0%","","0.50","","✓","0%","51","","✓","","","✓","✓","12"
"AA_Dunealisk","98%","12","Advanced","","100.0%","10.0%","✓","2.00","99999.00","✓","0%","71.1","","✓","2","4","✓","✓","12"
"AA_DunealiskClutchMother","100%","14","Advanced","","100.0%","80.0%","✓","3.00","99999.00","✓","0%","72","","✓","","","✓","✓","12"
"AA_DuskProwler","75%","8","Intermediate","","100.0%","5.0%","✓","1.50","3.00","✓","0%","57","","","","","✓","✓","12"
"AA_DuskRat","50%","5","None","","","","","0.15","","✓","0%","42","","","","7","✓","✓","8"
"AA_EmpressButterflyLarva","60%","6","None","","","","","0.10","","✓","0%","48","","✓","2","5","✓","✓","12"
"AA_EmpressButterfly","65%","6","Intermediate","","","","","0.75","","✓","0%","51","","✓","","","✓","✓","12"
"AA_EngorgedTentacularAberration","80%","8","Intermediate","","100.0%","","✓","6.00","4.00","✓","0%","60","","","","","✓","✓","12"
"AA_Erin","60%","6","Advanced","","40.0%","20.0%","✓","1.00","0.75","✓","0%","48","","","","","✓","✓","12"
"AA_Eyeling","20%","2","Intermediate","","","","","0.40","","✓","0%","24","","","","","","","12"
"AA_Feralisk","98%","12","Advanced","","100.0%","10.0%","✓","1.00","99999.00","✓","0%","71.1","","✓","2","4","✓","✓","12"
"AA_FeraliskClutchMother","100%","14","Advanced","","100.0%","80.0%","✓","3.00","99999.00","✓","0%","72","","✓","","","✓","✓","12"
"AA_FireWasp","70%","7","None","","2.0%","2.0%","✓","0.79","0.50","✓","0%","54","","✓","3","8","✓","✓","12"
"AA_FissionMouse","70%","7","None","","","","","0.50","","✓","0%","54","","","","","✓","✓","12"
"AA_FissionMouseSecond","70%","7","None","","","","","0.50","","✓","0%","54","","","","","✓","✓","12"
"AA_FissionMouseThird","70%","7","None","","","","","0.50","","✓","0%","54","","","","","✓","✓","12"
"AA_FlamingoPhoenix","50%","5","None","","20.0%","5.0%","","0.35","","✓","0%","42","","✓","2","3","✓","✓","24"
"AA_FrostAve","86%","9","Advanced","","45.0%","10.0%","","1.30","","✓","0%","63.6","✓","✓","2","6","✓","✓","12"
"AA_FrostLynx","90%","9","Advanced","","75.0%","20.0%","✓","2.00","99999.00","✓","0%","66","","","","","✓","✓","12"
"AA_Frostmite","70%","7","None","","","","","0.50","","✓","0%","54","","✓","5","25","✓","✓","12"
"AA_FrostboundBehemoth","45%","4","None","✓","","","","3.00","","✓","0%","39","","✓","3","5","✓","✓","12"
"AA_Frostling","75%","8","Advanced","","100.0%","5.0%","✓","1.50","3.00","✓","0%","57","","","2","5","✓","✓","12"
"AA_FungalHusk","100%","14","Intermediate","","100.0%","100.0%","","1.00","","✓","0%","72","","","","","","","12"
"AA_Gallatross","99%","14","Advanced","","100.0%","30.0%","","6.00","","✓","0%","71.4","","","","","","","12"
"AA_GallatrossMoribund","99%","14","Advanced","","100.0%","40.0%","","6.00","","✓","0%","71.4","","","","","","","12"
"AA_Genix","80%","8","Advanced","","75.0%","20.0%","✓","2.00","99999.00","✓","0%","60","","","","","✓","✓","12"
"AA_GiantCrownedSilkie","10%","1","None","✓","5.0%","3.0%","","1.10","","✓","0%","18","","✓","","3","✓","✓","12"
"AA_Gigantelope","60%","6","None","✓","20.0%","1.0%","","2.00","","✓","0%","48","✓","✓","3","9","✓","✓","12"
"AA_GreatDevourer","75%","8","Intermediate","","","","✓","2.50","0.75","✓","0%","57","","","","","✓","✓","12"
"AA_GreenGoo","60%","6","None","","","","","0.50","","✓","0%","48","","","","","✓","✓","12"
"AA_GreyCoatedMouflon","50%","5","None","✓","10.0%","2.0%","","0.80","","✓","0%","42","","✓","","","✓","✓","12"
"AA_Groundrunner","35%","3","Intermediate","","15.0%","5.0%","","1.37","","✓","0%","33","","✓","2","3","✓","✓","12"
"AA_Helixien","40%","4","None","","100.0%","20.0%","","4.00","","✓","0%","36","","","","","✓","✓","12"
"AA_InfectedAerofleet","60%","6","None","","","","","0.20","","✓","0%","48","","✓","","7","✓","✓","12"
"AA_IronhuskBeetle","20%","2","Intermediate","✓","","","","2.50","","✓","0%","24","","","","","✓","✓","12"
"AA_Junglelisk","96%","10","Advanced","","100.0%","10.0%","✓","1.00","99999.00","✓","0%","69.6","","✓","2","4","✓","✓","12"
"AA_Lockjaw","80%","8","Intermediate","","50.0%","20.0%","✓","2.50","0.95","✓","0%","60","","","","3","✓","✓","12"
"AA_Locusts","100%","14","None","","","","","0.01","","✓","0%","72","","","2","5","✓","✓","12"
"AA_LuciferBug","15%","1","None","✓","100.0%","20.0%","","0.15","","✓","0%","21","","✓","","","✓","✓","12"
"AA_MammothWorm","90%","9","Intermediate","","95.0%","20.0%","","3.00","","✓","0%","66","✓","","3","5","✓","✓","12"
"AA_Mantrap","80%","8","Intermediate","","","","✓","2.00","1.00","✓","0%","60","","✓","","4","✓","✓","12"
"AA_MatureFleshbeast","80%","8","Intermediate","","100.0%","","✓","6.00","4.00","✓","0%","60","","","","","✓","✓","12"
"AA_MeadowAve","85%","9","Advanced","","12.0%","12.0%","","1.20","","✓","0%","63","✓","✓","3","7","✓","✓","12"
"AA_MegaLouse","90%","9","Intermediate","","100.0%","20.0%","","0.50","","✓","0%","66","","✓","5","15","✓","✓","12"
"AA_Metallovore","65%","6","None","","80.0%","2.0%","","2.00","","✓","0%","51","","","5","8","✓","✓","12"
"AA_Mime","100%","14","Intermediate","","100.0%","100.0%","","1.00","","✓","0%","72","","","","","","","12"
"AA_Murkling","60%","6","None","","25.0%","","","0.35","","✓","0%","48","","","2","3","✓","✓","12"
"AA_MycoidColossus","90%","9","Intermediate","","75.0%","","","6.00","","✓","0%","66","","","","","✓","✓","12"
"AA_Needlepost","60%","6","Intermediate","","","","","0.79","","✓","0%","48","","✓","6","10","✓","✓","12"
"AA_Needleroll","60%","6","None","","","","","0.15","","✓","0%","48","","✓","6","10","✓","✓","12"
"AA_NightMule","65%","6","None","✓","","","","2.80","","✓","0%","51","✓","✓","3","9","✓","✓","12"
"AA_NightAve","88%","9","Advanced","","25.0%","7.5%","✓","1.10","0.60","✓","0%","64.8","✓","✓","","3","✓","✓","12"
"AA_Nightling","90%","9","Advanced","","100.0%","1.8%","✓","1.00","2.00","✓","50%","66","","","2","5","✓","✓","12"
"AA_NightRam","75%","8","None","✓","","","","2.50","","✓","0%","57","","","3","9","✓","✓","12"
"AA_OcularJelly","80%","8","Intermediate","","","","","0.50","","✓","0%","60","","✓","","","✓","✓","12"
"AA_OcularNightling","75%","8","Advanced","","100.0%","1.8%","✓","1.20","2.00","✓","0%","57","","","","","✓","✓","12"
"AA_OvergrownColossus","90%","9","Intermediate","","75.0%","","","6.00","","✓","0%","66","","","","","✓","✓","12"
"AA_PebbleMit","70%","7","None","","","","","0.50","","✓","0%","54","","","","","✓","✓","12"
"AA_PedigreedRaptor","25%","2","Advanced","","50.0%","10.0%","","0.75","","✓","25%","27","","✓","2","4","✓","✓","12"
"AA_PhoenixOwlcat","20%","2","None","","","","✓","0.20","0.25","✓","50%","24","","","","","✓","✓","12"
"AA_Plasmorph","70%","7","Intermediate","","","","✓","1.00","0.30","✓","0%","54","","","","","✓","✓","12"
"AA_Radyak","40%","4","None","✓","20.0%","1.0%","","2.50","","✓","0%","36","","✓","2","5","✓","✓","12"
"AA_RaptorShrimp","90%","9","Intermediate","","80.0%","10.0%","✓","1.40","99999.00","✓","0%","66","","","","3","✓","✓","12"
"AA_Ravager","95%","10","Intermediate","","10.0%","10.0%","✓","2.50","99999.00","✓","0%","69","","","","","✓","✓","12"
"AA_RayHound","30%","3","Advanced","","20.0%","2.0%","","1.50","","✓","25%","30","","","","","✓","✓","12"
"AA_Razorjack","75%","8","Advanced","","75.0%","10.0%","✓","1.00","2.00","✓","0%","57","","","","","✓","✓","12"
"AA_RedGoo","60%","6","None","","","","","0.50","","✓","0%","48","","","","","✓","✓","12"
"AA_RedSpore","80%","8","None","","","","","2.00","","✓","0%","60","","✓","","","✓","✓","12"
"AA_RipperHound","70%","7","Advanced","","100.0%","5.0%","✓","1.50","2.00","✓","0%","54","","","","","✓","✓","12"
"AA_RoughPlatedMonitor","70%","7","Intermediate","","35.0%","10.0%","✓","2.00","1.50","✓","0%","54","","","","","✓","✓","12"
"AA_RoyalAve","45%","4","Advanced","","10.0%","1.8%","","1.10","","✓","0%","39","✓","✓","","4","✓","✓","12"
"AA_SandLion","90%","9","Advanced","","100.0%","20.0%","✓","2.00","99999.00","✓","0%","66","","","","","✓","✓","12"
"AA_SandProwler","65%","6","Intermediate","","100.0%","10.0%","✓","2.00","99999.00","✓","0%","51","","","","","✓","✓","12"
"AA_SandSquid","70%","7","Intermediate","","","","","2.00","","✓","0%","54","","","","","✓","✓","12"
"AA_ShadowCharger","70%","7","Intermediate","✓","10.0%","","","2.50","","✓","0%","54","","","2","6","✓","✓","12"
"AA_ShockGoat","30%","3","Intermediate","","20.0%","5.0%","","0.65","","✓","0%","30","","✓","","","✓","✓","12"
"AA_Skiphound","42%","4","Advanced","","","","✓","0.79","0.90","✓","50%","37.2","","","","","✓","✓","12"
"AA_Skyeel","75%","8","Intermediate","","10.0%","10.0%","","0.25","","✓","5%","57","","","","","✓","✓","12"
"AA_Slurrypede","60%","6","Intermediate","","","","","2.00","","✓","0%","48","","","","","✓","✓","12"
"AA_SmallButterfly","100%","14","None","","","","","0.01","","✓","0%","72","","","3","9","✓","✓","12"
"AA_SpinedGow","60%","6","None","✓","","","","2.75","","✓","0%","48","✓","✓","2","6","✓","✓","12"
"AA_Swarmling","85%","9","None","","","","✓","0.30","0.20","✓","0%","63","","✓","4","8","✓","✓","12"
"AA_TarGuzzler","65%","6","None","","80.0%","2.0%","","2.00","","✓","0%","51","","","5","8","","","12"
"AA_TeratogenicOriginator","50%","5","None","✓","20.0%","1.8%","","5.00","","✓","0%","42","","","","","✓","✓","12"
"AA_Terramorph","65%","6","None","","","","","1.50","","✓","0%","51","","","","","✓","✓","12"
"AA_TetraSlug","70%","7","Advanced","","100.0%","20.0%","","5.00","","✓","0%","54","","","","","✓","✓","12"
"AA_Thermadon","90%","9","Intermediate","","50.0%","","","1.50","","✓","0%","66","","","","","✓","✓","12"
"AA_Thunderbeast","65%","6","Intermediate","","75.0%","2.0%","","1.50","","✓","0%","51","","","","","✓","✓","12"
"AA_Thunderox","60%","6","None","✓","10.0%","","","2.50","","✓","0%","48","","✓","2","3","✓","✓","12"
"AA_UnblinkingEye","80%","8","Advanced","","100.0%","50.0%","✓","7.00","99999.00","✓","0%","60","","","","","✓","✓","12"
"AA_Wildpawn","75%","8","Intermediate","","","1.8%","","1.40","","✓","0%","57","","","","3","✓","✓","12"
"AA_Wildpod","95%","10","Intermediate","","","1.8%","","4.00","","✓","0%","69","","","","3","✓","✓","12"
"AA_WindBeast","65%","6","Intermediate","","75.0%","2.0%","","1.50","","✓","0%","51","","","","","✓","✓","12"
"Possum","75%","8","None","","","","","0.30","","✓","0%","57","","","","","✓","✓","8"
"dtf_angorarabbit","1%","0","None","","","","","0.35","","✓","75%","12.6","","✓","4","12","✓","✓","8"
"ACPGreatBustard","45%","4","None","✓","","","","0.40","","✓","0%","39","","✓","2","4","✓","✓","12"
"ACPKiwi","80%","8","None","✓","","","","0.25","","✓","0%","60","","✓","2","3","✓","✓","12"
"ACPPtarmigan","5%","0","None","✓","","","","0.25","","✓","0%","15","","","","","✓","✓","3"
"ACPSilkieChicken","0%","0","None","✓","","","","0.25","","✓","0%","12","","✓","","","✓","✓","3"
"ACPSpiritwolf","95%","10","Advanced","","100.0%","2.5%","✓","2.50","99999.00","✓","75%","69","✓","","","","✓","✓","12"
"ACPWildDog","60%","6","Advanced","","","","","0.90","","✓","0%","48","","✓","3","5","✓","✓","12"
"ACPSilkspider","20%","2","None","✓","","","","0.15","","✓","0%","24","","","","","✓","✓","12"
"ACPHaulerAnt","60%","6","Advanced","","50.0%","","","2.50","","✓","0%","48","","✓","2","3","✓","✓","12"
"ACPAcidAnt","95%","10","None","","50.0%","","","0.30","","✓","0%","69","","✓","3","7","✓","✓","12"
"ACPMegascorpion","95%","10","Advanced","","50.0%","8.0%","","0.70","","✓","0%","69","✓","","","","✓","✓","12"
"ACPBlackbear","85%","9","Advanced","","50.0%","1.0%","✓","1.70","3.00","✓","0%","63","✓","","","","✓","✓","12"
"ACPBlackRhinoceros","90%","9","Intermediate","","100.0%","2.5%","","3.00","","✓","0%","66","","","","3","✓","✓","12"
"ACPGiraffe","65%","6","Intermediate","","3.0%","1.5%","","2.50","","✓","15%","51","","✓","3","7","✓","✓","12"
"ACPLlama","0%","0","Advanced","","30.0%","","","1.20","","✓","35%","12","✓","✓","2","5","✓","✓","12"
"ACPWoolyHorse","85%","9","Advanced","","100.0%","7.5%","","2.00","","✓","0%","63","✓","✓","2","5","✓","✓","12"
"ACPWoolyRhino","88%","9","None","","80.0%","28.0%","","3.29","","✓","0%","64.8","✓","","","3","✓","✓","12"
"ACPLion","85%","9","Advanced","","100.0%","15.0%","✓","1.50","1.00","✓","0%","63","","✓","3","5","✓","✓","12"
"ACPCheetah","80%","8","Advanced","","50.0%","30.0%","✓","0.75","1.00","✓","0%","60","","","","","✓","✓","12"
"ACPAmurLeopard","80%","8","Advanced","","50.0%","30.0%","✓","0.70","1.00","✓","0%","60","","","","","✓","✓","12"
"ACPSnowLeopard","80%","8","Advanced","","50.0%","30.0%","✓","0.70","1.00","✓","0%","60","","","","","✓","✓","12"
"ACPDuckBilledPlatypus","85%","9","Intermediate","","","","","0.60","","✓","0%","63","","","3","5","✓","✓","12"
"ACPMajoreraGoat","5%","0","Intermediate","✓","","","","0.70","","✓","50%","15","","","","","✓","✓","12"
"ACPPeccary","45%","4","None","✓","","2.5%","","0.55","","✓","0%","39","","","4","7","✓","✓","12"
"ACPTapir","57%","6","Advanced","✓","","","","0.90","","✓","0%","46.2","","","","","✓","✓","12"
"ACPFishercat","90%","9","Intermediate","","100.0%","7.5%","✓","0.30","0.70","✓","0%","66","","","","","✓","✓","12"
"ACPErmine","55%","5","Intermediate","","100.0%","2.5%","✓","0.70","0.50","✓","0%","45","","","","","✓","✓","12"
"ACPFerret","35%","3","Advanced","","","","✓","0.25","0.25","✓","90%","33","","✓","2","5","✓","✓","12"
"ACPHoneyBadger","80%","8","Advanced","","100.0%","10.0%","✓","0.90","99999.00","✓","30%","60","","","","","✓","✓","12"
"ACPMegabadger","86%","9","Advanced","","100.0%","10.0%","✓","4.50","99999.00","✓","0%","63.6","✓","","","","✓","✓","12"
"ACPMegaFerret","45%","4","Advanced","","","","✓","0.65","99999.00","✓","90%","39","","✓","","","✓","✓","12"
"ACPOtter","65%","6","Advanced","","","","✓","0.40","0.35","✓","50%","51","","✓","3","5","✓","✓","12"
"ACPXGecko","10%","1","None","","5.0%","1.0%","✓","0.09","0.03","✓","100%","18","","","","","✓","✓","12"
"ACPThornyDevil","70%","7","None","","","","","0.28","","✓","0%","54","","","","","✓","✓","12"
"ACPAngoraRabbit","0%","0","None","","","","","0.20","","✓","100%","12","","✓","","","✓","✓","3"
"ACPChipmunk","65%","6","None","","","","","0.15","","✓","0%","51","","","","","✓","✓","8"
"ACPDomesticRabbit","0%","0","None","","","","","0.20","","✓","100%","12","","","","","✓","✓","8"
"ACPHedgehog","55%","5","None","","15.0%","3.0%","","0.23","","✓","0%","45","","","","","✓","✓","10"
"ACPJackalope","75%","8","None","","","","","0.20","","✓","0%","57","","","","","✓","✓","3"
"ACPMunchkinCat","20%","2","Advanced","","","","✓","0.26","0.25","✓","100%","24","","","","","✓","✓","6"
"ACPRedPanda","20%","2","Intermediate","","","","","0.25","","✓","75%","24","","","","","✓","✓","72"
"Boneworm","80%","8","Intermediate","","70.0%","20.0%","","3.00","","✓","0%","60","","","","","✓","✓","12"
"SeaOtter","50%","5","Intermediate","","","","","0.40","","✓","0%","42","","","","","✓","✓","8"
"Belgian_Malinois","0%","0","Advanced","","10.0%","2.0%","","0.90","","✓","0%","12","✓","","","","✓","✓","12"
"AonyxCinerea","20%","2","Advanced","","40.0%","5.0%","","0.30","","✓","200%","24","","","3","9","✓","✓","1"
"Ghostie_BabySeal","50%","5","Intermediate","","","","","0.20","","✓","0%","42","","✓","","","✓","✓","12"
"BoomBat","75%","8","None","","","","","0.10","","✓","8%","57","","✓","5","7","✓","✓","12"
"HonduranWhiteBat","65%","6","None","","","","","0.10","","✓","10%","51","","✓","5","7","✓","✓","12"
"StarNosedMole","55%","5","None","","","","","0.10","","✓","18%","45","","","","3","✓","✓","10"
"Boomole","70%","7","None","","","","","0.10","","✓","12%","54","","","","3","✓","✓","10"
"AlligatorMan","60%","6","Advanced","","","","","1.00","","✓","25%","48","","","","5","✓","✓","12"
"Armadillo","75%","8","None","","","","","0.55","","✓","0%","57","","","","2","✓","✓","12"
"Bardelot","75%","8","None","","","","","0.55","","✓","0%","57","","","3","9","✓","✓","12"
"BlackBear","80%","8","Advanced","","100.0%","2.5%","","2.15","","✓","0%","60","","","","","✓","✓","12"
"BlackBearMan","60%","6","Advanced","","","","","1.00","","✓","25%","48","","","","5","✓","✓","12"
"Worm","25%","2","None","","5.0%","2.5%","","1.00","","✓","0%","27","","","","","✓","✓","12"
"Giantala","97%","10","Advanced","","","2.5%","","4.00","","✓","0%","70.2","","","","","✓","✓","12"
"Gigantelope","50%","5","None","","","","","2.00","","✓","0%","42","✓","✓","3","9","✓","✓","12"
"Jerbal","50%","5","None","","","","","1.90","","✓","0%","42","","","","3","✓","✓","12"
"Mandrill","60%","6","Advanced","","","","","1.00","","✓","25%","48","","","5","15","✓","✓","12"
"MandrillMan","60%","6","Advanced","","","","","1.00","","✓","25%","48","","","","5","✓","✓","12"
"Megasquid","75%","8","Advanced","","","2.5%","","4.00","","✓","0%","57","✓","✓","","2","✓","✓","12"
"Neanderthal","60%","6","Advanced","","","","","1.00","","✓","25%","48","","","","5","✓","✓","12"
"Penguin","45%","4","None","","","","","0.70","","✓","0%","39","","✓","","","✓","✓","12"
"Rabbuck","70%","7","None","","","","","0.90","","✓","0%","54","✓","✓","3","9","✓","✓","12"
"Toraton","75%","8","None","","","","","3.00","","✓","0%","57","✓","","","","✓","✓","12"
"Yippa","25%","2","None","","","","","0.90","","✓","0%","27","✓","✓","3","9","✓","✓","12"
"Zarander","7%","0","Advanced","","","","","0.80","","✓","0%","16.2","","","3","9","✓","✓","12"
"Zebra","100%","14","None","","","","","0.90","","✓","0%","72","","✓","3","9","✓","✓","12"
"BU_Budgerigar","15%","1","Intermediate","","30.0%","5.0%","","0.08","","✓","20%","21","","✓","2","10","✓","✓","24"
"BU_Cockatiel","30%","3","Intermediate","","","","","0.15","","✓","20%","30","","✓","2","8","✓","✓","8"
"BU_MacawBlueYellow","30%","3","Advanced","","10.0%","","","0.35","","✓","20%","30","","✓","2","5","✓","✓","10"
"BU_MacawMilitary","30%","3","Advanced","","10.0%","","","0.35","","✓","20%","30","","✓","2","5","✓","✓","10"
"BU_MacawScarlet","30%","3","Advanced","","10.0%","","","0.35","","✓","20%","30","","✓","2","5","✓","✓","10"
"BU_PeregrineFalcon","60%","6","Intermediate","","5.0%","5.0%","✓","0.35","0.40","✓","0%","48","","","","2","✓","✓","10"
"BU_Raven","30%","3","Advanced","","5.0%","5.0%","","0.35","","✓","0%","30","","✓","","7","✓","✓","10"
"BU_RedwingedBlackbird","50%","5","None","","","","","0.15","","✓","0%","42","","✓","3","8","✓","✓","8"
"BU_Vulture","60%","6","Intermediate","","10.0%","10.0%","","0.60","","✓","0%","48","","✓","","5","✓","✓","10"
"BU_MacawCatalina","30%","3","Advanced","","10.0%","","","0.35","","✓","20%","30","","✓","2","5","✓","✓","10"
"BU_MacawShamrock","30%","3","Advanced","","10.0%","","","0.35","","✓","20%","30","","✓","2","5","✓","✓","10"
"BU_MacawHarlequin","30%","3","Advanced","","10.0%","","","0.35","","✓","20%","30","","✓","2","5","✓","✓","10"
"BB_BarnOwl","65%","6","Intermediate","","25.0%","8.0%","✓","0.19","0.15","✓","0%","51","","","","","✓","✓","12"
"BB_Cockatoo","40%","4","Advanced","","","","","0.30","","✓","0%","36","","","","","✓","✓","12"
"BB_EagleOwl","70%","7","Intermediate","","","","✓","0.60","0.30","✓","0%","54","","","","","✓","✓","8"
"BB_Hornbill","70%","7","Intermediate","","","","","0.60","","✓","0%","54","","","","","✓","✓","8"
"BB_Kestrel","45%","4","Intermediate","","20.0%","5.0%","✓","0.14","0.12","✓","0%","39","","","","","✓","✓","12"
"BB_Parrot","40%","4","Advanced","","","","","0.30","","✓","0%","36","","","","","✓","✓","8"
"BB_ParrotB","40%","4","Advanced","","","","","0.30","","✓","0%","36","","","","","✓","✓","8"
"BB_Toucan","50%","5","Intermediate","","","","","0.60","","✓","0%","42","","","","","✓","✓","8"
"TYR_Cuckooshrike_BlackWinged","55%","5","Intermediate","","6.0%","2.0%","✓","0.08","0.03","✓","0%","45","","","2","5","✓","✓","12"
"TYR_FairyBluebird_Philippine","58%","6","Intermediate","","5.0%","2.0%","","0.10","","✓","0%","46.8","","","2","3","✓","✓","12"
"TYR_Hummingbird_BlueTailed","40%","4","Intermediate","","","","","0.10","","✓","0%","36","","✓","","3","✓","✓","12"
"TYR_Owl_AfricanGrass","60%","6","Intermediate","","10.0%","","✓","0.40","0.30","✓","0%","48","","","","","✓","✓","12"
"TYR_Parrot_Caica","40%","4","Intermediate","","","","","0.20","","✓","30%","36","","✓","2","4","✓","✓","12"
"TYR_Triller_WhiteBrowed","55%","5","Intermediate","","10.0%","2.0%","","0.08","","✓","0%","45","","","3","5","✓","✓","24"
"rtp_BorderCollie","0%","0","Advanced","","20.0%","0.5%","✓","1.20","1.00","✓","100%","12","","","","","✓","✓","12"
"AkhalTeke_horse","25%","2","Advanced","","10.0%","","","2.44","","✓","60%","27","✓","✓","","","✓","✓","12"
"Appaloosa_horse","10%","1","Advanced","","10.0%","","","2.40","","✓","60%","18","✓","✓","","","✓","✓","12"
"Arabian_horse","25%","2","Advanced","","10.0%","","","2.36","","✓","60%","27","✓","✓","","","✓","✓","12"
"Connemara_horse","15%","1","Advanced","","10.0%","","","2.29","","✓","80%","21","✓","✓","","","✓","✓","12"
"Fjord_horse","10%","1","Advanced","","10.0%","","","2.24","","✓","60%","18","✓","✓","","","✓","✓","12"
"Friesian_horse","20%","2","Advanced","","10.0%","","","2.56","","✓","60%","24","✓","✓","","","✓","✓","12"
"Gypsy_horse","5%","0","Advanced","","10.0%","","","2.40","","✓","60%","15","✓","✓","","","✓","✓","12"
"IrishDraught_horse","10%","1","Advanced","","10.0%","","","2.87","","✓","60%","18","✓","✓","","","✓","✓","12"
"IrishHunter_horse","15%","1","Advanced","","10.0%","","","2.52","","✓","60%","21","✓","✓","","","✓","✓","12"
"Mustang_horse","25%","2","Advanced","","10.0%","","","2.28","","✓","60%","27","✓","✓","3","10","✓","✓","12"
"Paint_horse","10%","1","Advanced","","10.0%","","","2.40","","✓","60%","18","✓","✓","","","✓","✓","12"
"Przewalski_horse","65%","6","Advanced","","10.0%","","","2.08","","✓","30%","51","✓","✓","5","10","✓","✓","12"
"Quarter_horse","10%","1","Advanced","","10.0%","","","2.40","","✓","60%","18","✓","✓","","","✓","✓","12"
"Shetland_pony","10%","1","Advanced","","10.0%","","","0.84","","✓","60%","18","✓","✓","","","✓","✓","12"
"Shire_horse","10%","1","Advanced","","10.0%","","","2.87","","✓","60%","18","✓","✓","","","✓","✓","12"
"Thoroughbred_horse","20%","2","Advanced","","10.0%","","","2.64","","✓","60%","24","✓","✓","","","✓","✓","12"
"Taggerung_Chromabird","50%","5","None","","","","","0.20","","✓","20%","42","","✓","","3","✓","✓","12"
"Taggerung_ChromaticFlowerWolf","85%","9","Advanced","","100.0%","30.0%","✓","0.85","2.30","✓","10%","63","","","","3","✓","✓","12"
"BrownLabradorRetriever","0%","0","Advanced","","","","","0.75","","✓","100%","12","✓","","","","✓","✓","12"
"Mastiff","0%","0","Intermediate","","","","","0.90","","✓","100%","12","","","","","✓","✓","12"
"CockerSpaniel","0%","0","Advanced","","","","","0.40","","✓","100%","12","","","","","✓","✓","12"
"WelshCorgi","0%","0","Advanced","","","","","0.40","","✓","100%","12","","","","","✓","✓","12"
"GoldenRetriever","0%","0","Advanced","","","","","0.75","","✓","100%","12","","","","","✓","✓","12"
"SaintBernard","0%","0","Intermediate","","","","","0.90","","✓","100%","12","","","","","✓","✓","12"
"GermanShepard","0%","0","Intermediate","","","","","0.90","","✓","100%","12","","","","","✓","✓","12"
"Borzoi","0%","0","Advanced","","","","","0.75","","✓","100%","12","","","","","✓","✓","12"
"ZDuck_ArcticRazorbill","85%","9","Advanced","","5.0%","5.0%","✓","1.00","2.50","✓","0%","63","","","","","✓","✓","12"
"ZDuck_Bufflehead","25%","2","Intermediate","✓","","","","0.80","","✓","0%","27","","✓","2","4","✓","✓","12"
"ZDuck_Cayuga","15%","1","None","✓","1.0%","1.0%","","0.55","","✓","0%","21","","✓","2","7","✓","✓","85"
"ZDuck_DesertRazorbill","55%","5","Advanced","","5.0%","5.0%","✓","0.75","1.50","✓","0%","45","","","","","✓","✓","12"
"ZDuck_Ducky","0%","0","None","","","","","0.15","","✓","100%","12","","✓","3","9","✓","✓","8"
"ZDuck_EiderPintail","35%","3","Intermediate","","15.0%","5.0%","","2.30","","✓","0%","33","✓","✓","","3","✓","✓","12"
"ZDuck_GreaterMallard","55%","5","Intermediate","✓","","","","2.10","","✓","0%","45","✓","✓","","3","✓","✓","12"
"ZDuck_Quackodile","75%","8","Intermediate","","10.0%","10.0%","✓","1.40","1.10","✓","0%","57","","","","2","✓","✓","12"
"ZDuck_RudderDuck","15%","1","Advanced","","3.0%","3.0%","","0.75","","✓","0%","21","","","4","9","✓","✓","12"
"ERN_DachshundShorthair","0%","0","Intermediate","","","","","0.32","","✓","100%","12","","","","","✓","✓","12"
"ERN_DachshundLonghair","0%","0","Intermediate","","","","","0.32","","✓","100%","12","","","","","✓","✓","12"
"ERN_DachshundWirehair","0%","0","Intermediate","","","","","0.32","","✓","100%","12","","","","","✓","✓","12"
"Crows_DustBunny","40%","4","None","","","","","0.20","","✓","8%","36","","✓","","","✓","✓","8"
"ZEle_Skelephant","98%","10","Intermediate","","95.0%","95.0%","✓","4.00","99999.00","✓","0%","70.8","","","","","✓","✓","12"
"ZEle_Appo","85%","9","Advanced","","25.0%","15.0%","","4.50","","✓","0%","63","✓","✓","2","5","✓","✓","12"
"ZEle_AsianElephant","65%","6","Advanced","","10.0%","10.0%","","3.80","","✓","0%","51","✓","✓","2","5","✓","✓","12"
"ZEle_BorneoPygmy","60%","6","Advanced","","10.0%","10.0%","","2.70","","✓","0%","48","✓","✓","","4","✓","✓","12"
"ZEle_Kallana","48%","5","Advanced","","25.0%","5.0%","","2.58","","✓","0%","40.8","✓","","","","✓","✓","12"
"EM_FWMoth","100%","14","None","","50.0%","","","0.10","","✓","0%","72","","","","","✓","✓","12"
"FoxSquirrel","65%","6","Intermediate","","5.0%","5.0%","","0.23","","✓","8%","51","","","","","✓","✓","12"
"ERN_MountainDog","25%","2","Advanced","","","","","0.85","","✓","90%","27","✓","","","","✓","✓","12"
"ERN_lizarddoggo","5%","0","Advanced","","","","","0.55","","✓","90%","15","","","","","✓","✓","12"
"ERN_Palamute","45%","4","Advanced","","","","","0.85","","✓","90%","39","✓","","","","✓","✓","12"
"ERN_Valboar","50%","5","None","✓","","","","0.85","","✓","0%","42","","✓","2","5","✓","✓","12"
"ERN_Lox","75%","8","Intermediate","✓","20.0%","","","2.40","","✓","0%","57","✓","✓","","3","✓","✓","12"
"ERN_Neck","50%","5","None","","","","","0.60","","✓","0%","42","","","","","✓","✓","12"
"ERN_Misthare","40%","4","None","✓","","","","0.40","","✓","0%","36","","","","","✓","✓","12"
"ERN_FrostWolf","75%","8","Advanced","","100.0%","30.0%","✓","1.30","2.30","✓","10%","57","✓","","","","✓","✓","12"
"TYR_CattleEgret","40%","4","None","","8.0%","2.0%","✓","0.18","0.05","✓","0%","36","","","","","✓","✓","12"
"TYR_GreatEgret","40%","4","None","","25.0%","8.0%","✓","0.24","0.08","✓","0%","36","","","","","✓","✓","24"
"TYR_ReddishEgret","10%","1","None","✓","","","✓","1.00","0.30","✓","0%","18","","","","","✓","✓","12"
"TYR_SlatyEgret","10%","1","None","✓","60.0%","10.0%","✓","1.00","0.30","✓","0%","18","","","","","✓","✓","12"
"TYR_SnowyEgret","10%","1","None","✓","","","✓","1.00","0.30","✓","0%","18","","","","","✓","✓","12"
"PearlHamster","5%","0","Intermediate","","10.0%","2.0%","","0.12","","✓","100%","15","","","2","5","✓","✓","8"
"AgoutiHamster","0%","0","Intermediate","","0.1%","","","0.10","","✓","100%","12","","","2","5","✓","✓","8"
"SapphirerHamster","5%","0","Intermediate","","10.0%","2.0%","","0.12","","✓","100%","15","","","2","5","✓","✓","8"
"PuddingHamster","5%","0","Intermediate","","10.0%","2.0%","","0.12","","✓","100%","15","","","2","5","✓","✓","8"
"HC_Carbuncle","75%","8","Advanced","","40.0%","20.0%","✓","0.55","0.40","✓","0%","57","","","","","✓","✓","12"
"HC_Gorgon","90%","9","Intermediate","✓","80.0%","40.0%","","2.80","","✓","0%","66","✓","","","","✓","✓","12"
"HC_Griffin","60%","6","Advanced","","80.0%","60.0%","✓","2.15","2.80","✓","0%","48","","✓","","3","✓","✓","12"
"HC_Kelpie","60%","6","Advanced","","70.0%","70.0%","✓","2.60","2.40","✓","0%","48","✓","","","","✓","✓","12"
"HC_Nightmares","85%","9","Advanced","✓","100.0%","85.0%","","2.75","","✓","0%","63","✓","","","","✓","✓","12"
"HC_Owlbear","75%","8","Advanced","","100.0%","45.0%","✓","2.35","3.50","✓","0%","57","","","","","✓","✓","12"
"HC_Roc","90%","9","Intermediate","","90.0%","60.0%","✓","5.50","4.50","✓","0%","66","","","","","✓","✓","12"
"HC_Unicorn","60%","6","Advanced","✓","100.0%","40.0%","","2.55","","✓","0%","48","✓","✓","","2","✓","✓","12"
"HC_Wyvern","90%","9","Intermediate","","80.0%","80.0%","✓","4.00","4.00","✓","0%","66","","","","","✓","✓","12"
"HC_Yeti","80%","8","Advanced","","50.0%","40.0%","✓","2.25","3.00","✓","0%","60","✓","","","","✓","✓","12"
"Nem_Cockroach","10%","1","Intermediate","","","","","0.25","","✓","5%","18","","✓","5","20","✓","✓","6"
"Nem_Mantis","90%","9","Advanced","","100.0%","10.0%","✓","3.25","99999.00","✓","35%","66","","","","","","","150"
"Nem_Mosquito","90%","9","Intermediate","","100.0%","","✓","0.23","99999.00","✓","5%","66","","","","","✓","✓","72"
"Nem_Spider","50%","5","Advanced","","10.0%","","✓","1.00","99999.00","✓","50%","42","✓","✓","","","✓","✓","50"
"Nem_Woodlouse","10%","1","None","✓","5.0%","","","0.15","","✓","50%","18","","✓","2","10","✓","✓","8"
"AngusCow","10%","1","None","✓","","","","2.40","","✓","5%","18","","✓","","","✓","✓","12"
"AnkoleWatusiCow","15%","1","None","✓","","","","2.40","","✓","5%","21","","✓","","","✓","✓","12"
"BoomooCow","30%","3","None","✓","","","","2.40","","✓","5%","30","","✓","","","✓","✓","12"
"BrahmanCow","10%","1","None","✓","","","","2.40","","✓","5%","18","✓","✓","","","✓","✓","12"
"BravaCow","15%","1","Intermediate","✓","","","","2.40","","✓","5%","21","","✓","","","✓","✓","12"
"BrownSwissCow","5%","0","None","✓","","","","2.40","","✓","5%","15","","✓","","","✓","✓","12"
"HarianaCow","10%","1","None","✓","","","","2.40","","✓","5%","18","✓","✓","","","✓","✓","12"
"HerefordCow","10%","1","None","✓","","","","2.40","","✓","5%","18","","✓","","","✓","✓","12"
"HighlandCow","15%","1","None","✓","","","","2.40","","✓","5%","21","","✓","","","✓","✓","12"
"HolsteinFriesianCow","5%","0","None","✓","","","","2.40","","✓","5%","15","","✓","","","✓","✓","12"
"JerseyCow","5%","0","None","✓","","","","2.40","","✓","5%","15","","✓","","","✓","✓","12"
"LimousinCow","5%","0","None","✓","","","","2.40","","✓","5%","15","","✓","","","✓","✓","12"
"LonghornCow","20%","2","None","✓","","","","2.40","","✓","5%","24","","✓","","","✓","✓","12"
"ZebuCow","25%","2","None","✓","","","","2.40","","✓","5%","27","✓","✓","3","9","✓","✓","12"
"EuropeanBadger","75%","8","None","","100.0%","","","0.20","","✓","0%","57","","","","3","✓","✓","4"
"BrushTurkey","45%","4","None","","","","","0.60","","✓","0%","39","","","","","✓","✓","12"
"CactusMantis","95%","10","None","","35.0%","35.0%","✓","0.80","1.90","✓","50%","69","","","2","3","✓","✓","12"
"Copperhead","75%","8","None","","10.0%","10.0%","✓","0.20","0.25","✓","5%","57","","","","","✓","✓","12"
"CoralSnake","75%","8","None","","10.0%","10.0%","✓","0.20","0.25","✓","5%","57","","","","","✓","✓","12"
"Cottonmouth","75%","8","None","","10.0%","10.0%","✓","0.20","0.25","✓","5%","57","","","","","✓","✓","12"
"Gerbil","10%","1","Intermediate","","","","","0.20","","✓","0%","18","","✓","3","5","✓","✓","4"
"GreenSnake","75%","8","None","","10.0%","10.0%","✓","0.20","0.25","✓","5%","57","","","","","✓","✓","12"
"IndianGiantSquirrel","75%","8","None","","","","","0.15","","✓","0%","57","","","","","✓","✓","12"
"LeopardTortoise","75%","8","None","","","","","0.50","","✓","0%","57","","","","","✓","✓","12"
"MudSnake","75%","8","None","","10.0%","10.0%","✓","0.20","0.25","✓","5%","57","","","","","✓","✓","12"
"Muskrat","75%","8","None","","","","","0.27","","✓","0%","57","","✓","3","9","✓","✓","12"
"Nutria","75%","8","None","","","","","0.20","","✓","8%","57","","","3","5","✓","✓","8"
"RedFootedTortoise","75%","8","None","","","","","0.50","","✓","0%","57","","","","","✓","✓","12"
"RedRattler","75%","8","None","","10.0%","10.0%","✓","0.20","0.25","✓","5%","57","","","","","✓","✓","12"
"ScarletKingSnake","75%","8","None","","10.0%","10.0%","✓","0.20","0.25","✓","5%","57","","","","","✓","✓","12"
"TimberRattler","75%","8","None","","10.0%","10.0%","✓","0.20","0.25","✓","5%","57","","","","","✓","✓","12"
"WaterDeer","75%","8","None","","","","","0.90","","✓","0%","57","","✓","3","9","✓","✓","12"
"YellowViper","75%","8","None","","10.0%","10.0%","✓","0.20","0.25","✓","5%","57","","","","","✓","✓","12"
"BerkshirePig","0%","0","Intermediate","✓","","","","1.70","","✓","0%","12","","","","","✓","✓","12"
"DairyPig","0%","0","Intermediate","✓","","","","1.70","","✓","0%","12","","","","","✓","✓","12"
"DurocPig","0%","0","Intermediate","✓","","","","1.70","","✓","0%","12","","","","","✓","✓","12"
"GloucestershirePig","0%","0","Intermediate","✓","","","","2.00","","✓","0%","12","","","","","✓","✓","12"
"SaddlebackPig","0%","0","Intermediate","✓","","","","1.70","","✓","0%","12","","","","","✓","✓","12"
"WoolyPig","0%","0","Intermediate","✓","","","","1.70","","✓","0%","12","","","","","✓","✓","12"
"AssafSheep","5%","0","Intermediate","✓","","","","0.75","","✓","10%","15","","✓","3","9","✓","✓","12"
"AwassiSheep","45%","4","Intermediate","✓","","","","0.75","","✓","10%","39","","✓","3","9","✓","✓","12"
"BighornSheep","50%","5","Intermediate","✓","","","","0.75","","✓","10%","42","","✓","3","9","✓","✓","12"
"BorderLeicesterSheep","5%","0","Intermediate","✓","","","","0.75","","✓","10%","15","","✓","3","9","✓","✓","12"
"JacobsSheep","50%","5","Intermediate","✓","","","","0.75","","✓","10%","42","","✓","3","9","✓","✓","12"
"LincolnSheep","5%","0","Intermediate","✓","","","","0.75","","✓","10%","15","","✓","3","9","✓","✓","12"
"MerinoSheep","25%","2","Intermediate","✓","","","","0.75","","✓","10%","27","","✓","3","9","✓","✓","12"
"MouflonSheep","45%","4","None","✓","","","","0.75","","✓","10%","39","","✓","3","9","✓","✓","12"
"SuffolkSheep","5%","0","None","✓","","","","0.75","","✓","10%","15","","✓","3","9","✓","✓","12"
"akaNEKO_shironeko","20%","2","Advanced","","","","✓","0.40","0.25","✓","100%","24","","","","","✓","✓","12"
"akaNEKO_kuroneko","20%","2","Advanced","","","","✓","0.40","0.25","✓","100%","24","","","","","✓","✓","12"
"akaNEKO_kijitora","20%","2","Advanced","","","","✓","0.40","0.25","✓","100%","24","","","","","✓","✓","12"
"akaNEKO_A_Shorthair","20%","2","Advanced","","","","✓","0.40","0.25","✓","100%","24","","","","","✓","✓","12"
"akaNEKO_Russian_Blue","20%","2","Advanced","","","","✓","0.40","0.25","✓","100%","24","","","","","✓","✓","12"
"akaNEKO_Siamese","20%","2","Advanced","","","","✓","0.40","0.25","✓","100%","24","","","","","✓","✓","12"
"akaNEKO_J_Bobtail","20%","2","Advanced","","","","✓","0.40","0.25","✓","100%","24","","","","","✓","✓","12"
"akaNEKO_Persian","20%","2","Advanced","","","","✓","0.40","0.25","✓","100%","24","","","","","✓","✓","12"
"akaNEKO_Scottish_Fold","20%","2","Advanced","","","","✓","0.40","0.25","✓","100%","24","","","","","✓","✓","12"
"akaNEKO_Scottish_Fold_Long","20%","2","Advanced","","","","✓","0.40","0.25","✓","100%","24","","","","","✓","✓","12"
"akaNEKO_Maine_Coon","20%","2","Advanced","","","","✓","0.70","0.25","✓","100%","24","","","","","✓","✓","12"
"akaNEKO_N_Forest_Cat","20%","2","Advanced","","","","✓","0.70","0.25","✓","100%","24","","","","","✓","✓","12"
"TYR_HotfootRat","50%","5","None","","","","","0.20","","✓","15%","42","","","","","✓","✓","8"
"TYR_KangarooRat","50%","5","None","","","","","0.20","","✓","15%","42","","","","","✓","✓","8"
"TYR_Lemming","50%","5","None","","","","","0.20","","✓","15%","42","","","","","✓","✓","8"
"TYR_Mouse","50%","5","None","","","","","0.20","","✓","15%","42","","","","","✓","✓","8"
"TYR_MousePoison","45%","4","None","","30.0%","8.0%","","0.25","","✓","15%","39","","","","","✓","✓","6"
"Mamuffalo","0%","0","None","✓","20.0%","10.0%","","2.99","","✓","0%","12","✓","✓","3","7","✓","✓","12"
"ZGF_BeechMart","0%","0","Advanced","","5.0%","5.0%","✓","0.40","0.50","✓","50%","12","","","","2","✓","✓","12"
"ZGF_JapaneseMart","0%","0","Advanced","","5.0%","5.0%","✓","0.39","0.45","✓","50%","12","","","","2","✓","✓","12"
"ZGF_NilgiriMart","0%","0","Advanced","","5.0%","5.0%","✓","0.35","0.45","✓","50%","12","","","","2","✓","✓","12"
"ZGF_PineMart","0%","0","Advanced","","8.0%","5.0%","✓","0.55","0.67","✓","50%","12","","","","2","✓","✓","12"
"ZGF_RimMart","0%","0","Advanced","","40.0%","10.0%","✓","0.90","1.00","✓","50%","12","","","","","✓","✓","12"
"ZGF_Sable","0%","0","Advanced","","5.0%","2.0%","✓","0.50","0.60","✓","60%","12","","","","2","✓","✓","12"
"ZGF_YellowMart","0%","0","Advanced","","25.0%","5.0%","✓","0.80","0.90","✓","40%","12","","","","3","✓","✓","12"
"ZGF_MegaMart","0%","0","Advanced","","10.0%","10.0%","","3.80","","✓","50%","12","","","","","✓","✓","12"
"ZGF_Boommarten","0%","0","None","","","","","0.20","","✓","20%","12","","","","","✓","✓","8"
"Meerkat","25%","2","None","","","","","0.32","","✓","100%","27","","✓","","","✓","✓","12"
"Miraffe","50%","5","Intermediate","","","","","3.00","","✓","0%","42","✓","✓","2","4","✓","✓","12"
"BlackCappedConure","50%","5","Intermediate","","","","","0.20","","✓","20%","42","","✓","3","5","✓","✓","72"
"CrimsonBelliedConure","50%","5","Intermediate","","","","","0.20","","✓","20%","42","","✓","3","5","✓","✓","72"
"GoldenConure","50%","5","Intermediate","","","","","0.20","","✓","20%","42","","✓","3","5","✓","✓","72"
"NandayConure","50%","5","Intermediate","","","","","0.20","","✓","20%","42","","✓","3","5","✓","✓","72"
"PineappleConure","50%","5","Intermediate","","","","","0.20","","✓","20%","42","","✓","3","5","✓","✓","72"
"SunConure","50%","5","Intermediate","","","","","0.20","","✓","20%","42","","✓","3","5","✓","✓","72"
"TurquoiseConure","50%","5","Intermediate","","","","","0.20","","✓","20%","42","","✓","3","5","✓","✓","72"
"CinnamonGroundDove","80%","8","None","✓","","","","0.25","","✓","0%","60","","✓","","2","✓","✓","12"
"DiamondDove","60%","6","None","","","","","0.25","","✓","10%","48","","✓","2","8","✓","✓","12"
"MourningDove","80%","8","None","✓","","","","0.25","","✓","0%","60","","✓","","4","✓","✓","12"
"RingneckDove","50%","5","None","","","","","0.25","","✓","20%","42","","✓","","2","✓","✓","12"
"TurtleDove","35%","3","None","✓","10.0%","3.0%","","0.13","","✓","0%","33","","✓","","6","✓","✓","24"
"HomingPigeon","20%","2","None","","","","","0.25","","✓","40%","24","","✓","","2","✓","✓","12"
"Cormorant","65%","6","Intermediate","","2.0%","","","0.45","","✓","0%","51","","","","3","✓","✓","48"
"Egret","60%","6","Intermediate","","2.0%","","","0.40","","✓","0%","48","","","","3","✓","✓","48"
"Ibis","60%","6","Intermediate","","2.0%","","","0.40","","✓","0%","48","","✓","","3","✓","✓","48"
"Pelican","60%","6","Intermediate","","2.0%","","","0.60","","✓","0%","48","","","","3","✓","✓","48"
"Plover","50%","5","Intermediate","","1.0%","","","0.20","","✓","0%","42","","✓","2","5","✓","✓","48"
"Sandpiper","50%","5","Intermediate","","1.0%","","","0.20","","✓","0%","42","","✓","3","6","✓","✓","48"
"Seagull","55%","5","Intermediate","","1.0%","","","0.30","","✓","0%","45","","✓","2","20","✓","✓","48"
"Spoonbill","60%","6","Intermediate","","2.0%","","","0.45","","✓","0%","48","","✓","","3","✓","✓","48"
"BlueJay","80%","8","None","","","","","0.12","","✓","0%","60","","✓","","2","✓","✓","36"
"Cardinal","80%","8","None","","","","","0.12","","✓","0%","60","","✓","","5","✓","✓","36"
"Goldfinch","80%","8","None","","","","","0.12","","✓","0%","60","","✓","4","12","✓","✓","36"
"HouseFinch","68%","7","None","","10.0%","2.0%","","0.07","","✓","0%","52.8","","✓","4","12","✓","✓","24"
"Oriole","80%","8","None","","","","","0.12","","✓","0%","60","","✓","","5","✓","✓","36"
"ZebraFinch","80%","8","None","","","","","0.12","","✓","0%","60","","✓","4","12","✓","✓","36"
"MeatCow","0%","0","None","✓","","","","2.40","","✓","0%","12","✓","✓","3","7","✓","✓","12"
"MilkCow","0%","0","None","✓","","","","2.40","","✓","0%","12","✓","✓","3","7","✓","✓","12"
"WoolyCow","0%","0","None","✓","","","","2.40","","✓","0%","12","✓","✓","3","7","✓","✓","12"
"Fox_Gray","75%","8","Intermediate","","","","✓","0.55","0.80","✓","10%","57","","","","","✓","✓","12"
"Fox_Sand","75%","8","Intermediate","","","","✓","0.55","0.80","✓","10%","57","","","","","✓","✓","12"
"Fox_Silver","75%","8","Intermediate","","","","✓","0.55","0.80","✓","10%","57","","","","","✓","✓","12"
"Fox_Tibetan","75%","8","Intermediate","","","","✓","0.55","0.80","✓","10%","57","","","","","✓","✓","12"
"Fox_Maikong","75%","8","Intermediate","","","","✓","0.55","0.80","✓","10%","57","","","","","✓","✓","12"
"Fox_Kit","72%","7","Intermediate","","30.0%","8.0%","✓","0.31","0.25","✓","10%","55.2","","","","","✓","✓","12"
"Mouse","80%","8","None","","","","","0.18","","✓","8%","60","","","","","✓","✓","8"
"Harvest_Mouse","80%","8","None","","","","","0.18","","✓","8%","60","","","","","✓","✓","8"
"Striped_Mouse","80%","8","None","","","","","0.18","","✓","8%","60","","","","","✓","✓","8"
"Woolly_Mouse","80%","8","None","","","","","0.18","","✓","8%","60","","","","","✓","✓","8"
"Maned_Rat","80%","8","None","","","","","0.18","","✓","8%","60","","","","","✓","✓","8"
"Cloud_Rat","80%","8","None","","","","","0.18","","✓","8%","60","","","","","✓","✓","8"
"Mole_Rat","80%","8","None","","","","","0.18","","✓","8%","60","","","","","✓","✓","8"
"Jerboa","80%","8","None","","","","","0.18","","✓","8%","60","","","","","✓","✓","8"
"Kangaroo_Rat","80%","8","None","","","","","0.18","","✓","8%","60","","","","","✓","✓","8"
"Hamster","40%","4","None","","","","","0.18","","✓","8%","36","","","","","✓","✓","8"
"SMP_Tortie","0%","0","None","","","","✓","0.36","0.27","✓","100%","12","","","","","✓","✓","12"
"ZPT_CarolinaParakeet","25%","2","Intermediate","","","","","0.35","","✓","50%","27","","✓","3","7","✓","✓","12"
"ZPT_Eclectus","75%","8","Intermediate","","","","","0.25","","✓","10%","57","","✓","","2","✓","✓","12"
"ZPT_Hyacinth","55%","5","Advanced","","","","","0.80","","✓","0%","45","","✓","","2","✓","✓","12"
"ZPT_Kea","55%","5","Advanced","","","","✓","0.75","99999.00","✓","0%","45","","","","","✓","✓","12"
"ZPT_LilacMegakeet","30%","3","None","✓","","","","1.40","","✓","0%","30","✓","","","","✓","✓","12"
"ZPT_QuakerParrot","15%","1","Intermediate","","","","","0.40","","✓","60%","21","","✓","3","7","✓","✓","12"
"ZPT_RingneckedParakeet","15%","1","Intermediate","","","","","0.40","","✓","60%","21","","✓","3","7","✓","✓","12"
"ZPT_RubyMegakeet","30%","3","Intermediate","✓","10.0%","10.0%","","2.00","","✓","0%","30","✓","","","","✓","✓","12"
"ZPT_SunConure","20%","2","Advanced","","","","","0.37","","✓","85%","24","","✓","2","5","✓","✓","12"
"Wolf_Red","85%","9","Advanced","","70.0%","10.0%","✓","0.68","1.80","✓","10%","63","","","","","✓","✓","12"
"RG_WoollyMammoth","80%","8","Advanced","","75.0%","25.0%","","4.40","","✓","0%","60","✓","✓","3","7","✓","✓","12"
"RG_WoollyRhinoceros","88%","9","None","","80.0%","28.0%","","3.29","","✓","0%","64.8","✓","✓","","4","✓","✓","12"
"RG_WoollyStegosaurus","30%","3","Intermediate","","50.0%","","","4.00","","✓","0%","30","","✓","3","5","✓","✓","12"
"RG_SabertoothSquirrel","75%","8","Intermediate","","","","","0.50","","✓","0%","57","","","","","✓","✓","12"
"RG_ArcticDrak","95%","10","Advanced","","65.0%","55.0%","✓","2.20","1.50","✓","0%","69","","","","","✓","✓","12"
"RG_Velociraptor","50%","5","Advanced","","60.0%","25.0%","✓","0.75","2.50","✓","100%","42","","✓","2","4","✓","✓","12"
"RG_Megalenhydris","70%","7","None","","","","✓","1.20","0.80","✓","20%","54","","✓","","3","✓","✓","12"
"RG_SabertoothTiger","82%","8","Advanced","","70.0%","40.0%","✓","1.20","1.20","✓","0%","61.2","","","","","✓","✓","12"
"RG_Dodo","75%","8","None","✓","","","","0.45","","✓","0%","57","","✓","","","✓","✓","8"
"RG_TerrorBird","90%","9","Advanced","","100.0%","40.0%","✓","2.00","3.20","✓","50%","66","","","2","4","✓","✓","12"
"RG_Thrinaxodon","85%","9","Advanced","","30.0%","20.0%","✓","0.42","0.50","✓","0%","63","","","","","✓","✓","12"
"RG_Synthetion","75%","8","None","✓","20.0%","","","1.00","","✓","0%","57","","✓","3","9","✓","✓","12"
"rtp_RhodesianRidgeback","0%","0","Advanced","","35.0%","15.0%","✓","1.30","2.30","✓","100%","12","","","","","✓","✓","12"
"Ling_Cockroach","20%","2","Intermediate","","50.0%","","","2.00","","✓","0%","24","","","","","✓","✓","12"
"Rimmessian_fox","80%","8","Advanced","","100.0%","40.0%","✓","3.50","3.00","✓","10%","60","","","","","✓","✓","12"
"Rat_Large","60%","6","Advanced","","10.0%","10.0%","✓","1.00","2.30","✓","5%","48","✓","","2","5","✓","✓","8"
"Whitefox","60%","6","Advanced","","20.0%","2.0%","✓","0.80","99999.00","✓","20%","48","✓","","","","✓","✓","24"
"pphhyy_BloodScarab","10%","1","Intermediate","","50.0%","","","0.20","","✓","0%","18","","","","","✓","✓","12"
"pphhyy_SanguineDeer","65%","6","Intermediate","","100.0%","60.0%","✓","1.20","2.00","✓","40%","51","✓","✓","2","4","✓","✓","12"
"pphhyy_Vargulf","90%","9","Intermediate","","100.0%","90.0%","✓","2.40","5.00","✓","20%","66","✓","✓","","2","✓","✓","12"
"SCQuarterHorse","50%","5","Advanced","✓","","","","2.40","","✓","60%","42","✓","✓","3","6","✓","✓","12"
"SCBlackHorse","50%","5","Advanced","✓","","","","2.40","","✓","60%","42","✓","✓","3","6","✓","✓","12"
"SCWhiteHorse","50%","5","Advanced","✓","","","","2.40","","✓","60%","42","✓","✓","3","6","✓","✓","12"
"SCPalomino","50%","5","Advanced","✓","","","","2.40","","✓","60%","42","✓","✓","3","6","✓","✓","12"
"SC_Rockbull","35%","3","None","✓","20.0%","","","2.30","","✓","23%","33","✓","✓","3","5","✓","✓","12"
"SC_RockbullAlbino","35%","3","None","✓","20.0%","","","2.30","","✓","23%","33","✓","✓","","","✓","✓","12"
"SC_Creamgrub","30%","3","None","✓","50.0%","","","0.90","","✓","50%","30","","✓","","","✓","✓","8"
"SC_Moleroach","0%","0","Advanced","✓","50.0%","","","0.80","","✓","0%","12","","","5","8","✓","✓","8"
"SC_MoleroachBlue","0%","0","Advanced","✓","50.0%","","","0.80","","✓","0%","12","","","2","3","✓","✓","8"
"StrayDogs_BerneseMountainDog","0%","0","Advanced","","35.0%","","","2.00","","✓","100%","12","✓","","","","✓","✓","12"
"StrayDogs_Shiba","0%","0","Intermediate","","45.0%","","✓","0.52","0.40","✓","100%","12","","","","","✓","✓","12"
"StrayDogs_Kai","20%","2","Intermediate","","35.0%","","","0.40","","✓","100%","24","","","","","✓","✓","12"
"StrayDogs_Hokkaido","0%","0","Intermediate","","35.0%","","","0.40","","✓","100%","12","","","","","✓","✓","12"
"StrayDogs_Kishu","20%","2","Intermediate","","35.0%","","","0.60","","✓","100%","24","","","","","✓","✓","12"
"StrayDogs_Shikoku","0%","0","Intermediate","","35.0%","","","0.60","","✓","100%","12","","","","","✓","✓","12"
"StrayDogs_AkitaJapanese","0%","0","Advanced","","35.0%","","","0.85","","✓","100%","12","✓","","","","✓","✓","12"
"SCMiniatureDachshund","0%","0","Intermediate","","35.0%","","","0.25","","✓","100%","12","","✓","","","✓","✓","12"
"SCSchnauzer","0%","0","Intermediate","","15.0%","","","0.25","","✓","100%","12","","✓","","","✓","✓","12"
"SCPug","0%","0","Intermediate","","25.0%","","","0.25","","✓","100%","12","","✓","","","✓","✓","12"
"SCWelshCorgi","0%","0","Intermediate","","15.0%","","","0.42","","✓","100%","12","","✓","","","✓","✓","12"
"SCAfghanHound","0%","0","Intermediate","","45.0%","","✓","0.71","0.55","✓","100%","12","","✓","","","✓","✓","12"
"SCBorderCollie","0%","0","Advanced","","55.0%","","","0.50","","✓","100%","12","✓","✓","","","✓","✓","12"
"SCBullTerrier","0%","0","Advanced","","85.0%","30.0%","","0.50","","✓","100%","12","","✓","","","✓","✓","12"
"SCChowchow","0%","0","Advanced","","15.0%","","","0.50","","✓","100%","12","","✓","","","✓","✓","12"
"SCCollie","0%","0","Advanced","","55.0%","","","0.70","","✓","100%","12","✓","✓","","","✓","✓","12"
"SCDoberman","0%","0","Advanced","","80.0%","","✓","0.83","0.70","✓","100%","12","","✓","","","✓","✓","12"
"SCGoldenRetriever","0%","0","Advanced","","55.0%","10.0%","","0.50","","✓","100%","12","✓","✓","","","✓","✓","12"
"SCGreyhound","0%","0","Advanced","","65.0%","20.0%","","0.50","","✓","100%","12","","✓","","","✓","✓","12"
"SCOldEnglishSheepdog","0%","0","Intermediate","","55.0%","","","0.60","","✓","100%","12","","✓","","","✓","✓","12"
"SCStandardPoodle","0%","0","Advanced","","35.0%","","","0.60","","✓","100%","12","","✓","","","✓","✓","12"
"SCBorzoi","0%","0","Advanced","","35.0%","","","0.70","","✓","100%","12","","✓","","","✓","✓","12"
"SCBullmastiff","25%","2","Advanced","","85.0%","20.0%","","1.20","","✓","100%","27","✓","✓","","","✓","✓","12"
"SCCaucasianshepherd","25%","2","Advanced","","55.0%","10.0%","","1.20","","✓","100%","27","✓","✓","","","✓","✓","12"
"SCSaintbernard","0%","0","Advanced","","55.0%","10.0%","","1.10","","✓","100%","12","✓","✓","","","✓","✓","12"
"SCNewFoundland","0%","0","Advanced","","50.0%","","","1.10","","✓","100%","12","✓","✓","","","✓","✓","12"
"StrayDogs_SwedishVallhund","0%","0","Intermediate","","20.0%","","","0.40","","✓","100%","12","","","","","✓","✓","12"
"pphhyy_Kelenken","80%","8","Intermediate","","100.0%","10.0%","","2.40","","✓","0%","60","✓","✓","","3","✓","✓","12"
"pphhyy_Paraken","80%","8","Intermediate","","50.0%","50.0%","","2.40","","✓","0%","60","✓","✓","","3","✓","✓","12"
"pphhyy_Penglenken","80%","8","Intermediate","","50.0%","50.0%","✓","2.80","99999.00","✓","0%","60","✓","","","","✓","✓","12"
"pphhyy_Touken","80%","8","Intermediate","","90.0%","90.0%","✓","2.00","99999.00","✓","0%","60","✓","✓","","3","✓","✓","12"
"pphhyy_Vulaken","80%","8","Intermediate","","50.0%","50.0%","✓","2.00","99999.00","✓","0%","60","✓","✓","","6","✓","✓","12"
"pphhyy_DesertSparaken","80%","8","Intermediate","","50.0%","50.0%","","2.00","","✓","0%","60","✓","✓","","6","✓","✓","12"
"pphhyy_Pileaken","80%","8","Intermediate","","90.0%","30.0%","","2.80","","✓","0%","60","✓","✓","","2","✓","✓","12"
"pphhyy_Sparaken","75%","8","Advanced","","65.0%","20.0%","","2.00","","✓","0%","57","✓","","","","✓","✓","12"
"pphhyy_Heronken","80%","8","Intermediate","","90.0%","30.0%","✓","2.40","99999.00","✓","0%","60","✓","✓","","3","✓","✓","12"
"emperor_penguin","0%","0","Advanced","","","5.0%","✓","1.35","1.00","✓","0%","12","✓","","3","8","✓","✓","12"
"king_penguin","0%","0","None","","","0.2%","","0.35","","✓","0%","12","","✓","4","7","✓","✓","12"
"TVP_ShibaInu","0%","0","Intermediate","","45.0%","","✓","0.52","0.40","✓","100%","12","","","","","✓","✓","12"
"ZTT_GiantStarTortoise","60%","6","Intermediate","","25.0%","10.0%","✓","0.65","99999.00","✓","0%","48","","","","","✓","✓","12"
"ZTT_MudTurtle","55%","5","None","","2.0%","","","0.35","","✓","0%","45","","","","","✓","✓","12"
"ZTT_PaintedSnapvine","15%","1","Intermediate","","1.0%","1.0%","","0.35","","✓","75%","21","","✓","2","5","✓","✓","12"
"ZTT_Plasturtle","95%","10","None","✓","30.0%","30.0%","","2.30","","✓","0%","69","✓","✓","2","5","✓","✓","12"
"ZTT_SandshellTurtle","55%","5","Intermediate","","5.0%","","","0.65","","✓","0%","45","","","","","✓","✓","12"
"ZTT_Steelshell","55%","5","Intermediate","✓","5.0%","","","0.65","","✓","0%","45","","","","","✓","✓","12"
"ZTT_Toughback","95%","10","None","✓","25.0%","10.0%","","1.90","","✓","0%","69","✓","✓","2","3","✓","✓","12"
"ZTT_WiggleneckTurtle","35%","3","Advanced","","15.0%","5.0%","","0.88","","✓","20%","33","","✓","","2","✓","✓","12"
"Addax","85%","9","None","","2.0%","2.0%","","1.20","","✓","0%","63","","✓","4","13","✓","✓","12"
"Bongo","90%","9","None","","2.0%","2.0%","","2.70","","✓","0%","66","","✓","4","13","✓","✓","12"
"Gemsbok","85%","9","None","","2.0%","2.0%","","2.30","","✓","0%","63","","✓","4","13","✓","✓","12"
"GoldenJackal","70%","7","Advanced","","5.0%","5.0%","✓","0.70","99999.00","✓","100%","54","","","","","✓","✓","12"
"Bushdog","80%","8","Advanced","","50.0%","15.0%","✓","0.30","1.20","✓","50%","60","","✓","","","✓","✓","12"
"Dhole","85%","9","Advanced","","10.0%","10.0%","✓","0.85","1.00","✓","10%","63","","✓","","","✓","✓","12"
"Dingo","40%","4","Advanced","","5.0%","5.0%","✓","0.75","99999.00","✓","100%","36","","","","","✓","✓","12"
"Manedwolf","70%","7","Advanced","","5.0%","5.0%","","1.00","","✓","50%","54","","","","","✓","✓","12"
"Racoon_dog","85%","9","Advanced","","2.5%","2.5%","✓","0.35","99999.00","✓","100%","63","","","","","✓","✓","12"
"AEXP_Coyote","85%","9","Advanced","","10.0%","10.0%","✓","0.76","0.90","✓","10%","63","✓","","","","✓","✓","12"
"AEXP_Giraffe","65%","6","None","","","","","4.00","","✓","0%","51","✓","✓","2","4","✓","✓","12"
"AEXP_Zebra","85%","9","None","✓","70.0%","15.0%","","1.71","","✓","60%","63","","✓","4","8","✓","✓","12"
"AEXP_Wildebeest","65%","6","None","✓","20.0%","23.0%","","2.20","","✓","0%","51","✓","✓","6","12","✓","✓","12"
"AEXP_Crocodile","84%","8","None","","20.0%","23.0%","✓","1.60","2.00","✓","5%","62.4","","","","","✓","✓","12"
"AEXP_Cheetah","80%","8","Advanced","","50.0%","30.0%","✓","1.00","1.00","✓","0%","60","✓","","","","✓","✓","12"
"AEXP_Boombat","70%","7","None","","","","","0.40","","✓","0%","54","","✓","3","6","✓","✓","12"
"AEXP_Kangaroo","60%","6","Intermediate","","","","","1.80","","✓","0%","48","✓","✓","","","✓","✓","12"
"AEXP_Koala","70%","7","None","","","","","0.25","","✓","50%","54","","","","","✓","✓","12"
"AEXP_Platypus","85%","9","None","","","","","0.25","","✓","0%","63","","","","","✓","✓","12"
"AEXP_ArcticCoyote","85%","9","Advanced","","10.0%","10.0%","✓","0.76","0.90","✓","10%","63","✓","","","","✓","✓","12"
"AEXP_BlackBear","78%","8","Advanced","","55.0%","30.0%","✓","1.29","1.00","✓","0%","58.8","✓","","","","✓","✓","12"
"AEXP_CatAbyssinian","0%","0","None","","","","✓","0.32","0.25","✓","100%","12","","","","","✓","✓","12"
"AEXP_CatBengal","0%","0","None","","","","✓","0.32","0.25","✓","100%","12","","","","","✓","✓","12"
"AEXP_CatBritishShorthair","0%","0","None","","","","✓","0.32","0.25","✓","100%","12","","","","","✓","✓","12"
"AEXP_CatMaineCoon","0%","0","Advanced","","","","✓","1.00","1.25","✓","100%","12","✓","","","","✓","✓","12"
"AEXP_CatMunchkin","0%","0","None","","","","✓","0.32","0.25","✓","100%","12","","","","","✓","✓","12"
"AEXP_CatNorwegianForest","0%","0","Advanced","","","","✓","0.66","0.25","✓","100%","12","","","","","✓","✓","12"
"AEXP_CatPersian","0%","0","None","","","","✓","0.32","0.25","✓","100%","12","","","","","✓","✓","12"
"AEXP_CatSiamese","0%","0","None","","","","✓","0.32","0.25","✓","100%","12","","","","","✓","✓","12"
"AEXP_CatSomali","0%","0","None","","","","✓","0.32","0.25","✓","100%","12","","","","","✓","✓","12"
"AEXP_CatSphynx","0%","0","None","","","","✓","0.32","0.25","✓","100%","12","","","","","✓","✓","12"
"AEXP_Hyena","85%","9","Advanced","","18.0%","16.0%","✓","0.76","0.70","✓","14%","63","✓","","2","6","✓","✓","12"
"AEXP_DesertTortoise","80%","8","None","","","","","0.60","","✓","0%","60","","","","","✓","✓","12"
"AEXP_Lion","88%","9","Advanced","","45.0%","45.0%","✓","1.65","3.00","✓","0%","64.8","✓","","","3","✓","✓","12"
"AEXP_GilaMonster","60%","6","None","","","","","0.50","","✓","5%","48","","","","","✓","✓","12"
"AEXP_Beagle","0%","0","Intermediate","","","","","0.30","","✓","100%","12","","","","","✓","✓","12"
"AEXP_Chihuahua","0%","0","Intermediate","","","","","0.15","","✓","100%","12","","","","","✓","✓","12"
"AEXP_Corgi","0%","0","Intermediate","","","","","0.40","","✓","100%","12","","","","","✓","✓","12"
"AEXP_FrenchBulldog","0%","0","Intermediate","","","","","0.40","","✓","100%","12","","","","","✓","✓","12"
"AEXP_GermanShepherd","0%","0","Advanced","","35.0%","35.0%","✓","1.00","2.30","✓","60%","12","✓","","","","✓","✓","12"
"AEXP_GreatDane","0%","0","Advanced","","","","","1.45","","✓","100%","12","✓","","","","✓","✓","12"
"AEXP_Poodle","0%","0","Advanced","","","","","0.75","","✓","100%","12","✓","","","","✓","✓","12"
"AEXP_Pug","0%","0","Intermediate","","","","","0.30","","✓","120%","12","","","","","✓","✓","12"
"AEXP_Rottweiler","0%","0","Advanced","","","","","0.75","","✓","100%","12","✓","","","","✓","✓","12"
"AEXP_Shih-Tzu","0%","0","Intermediate","","","","","0.32","","✓","100%","12","","","","","✓","✓","12"
"AEXP_WelshTerrier","0%","0","Advanced","","","","","0.86","","✓","100%","12","✓","","","","✓","✓","12"
"AEXP_Camel","25%","2","None","✓","","","","2.00","","✓","0%","27","✓","✓","2","3","✓","✓","12"
"AEXP_Rattlesnake","75%","8","None","","10.0%","40.0%","✓","0.25","0.45","✓","5%","57","","","","","✓","✓","12"
"AEXP_Megascorpion","95%","10","None","","50.0%","","","0.20","","✓","0%","69","","","","","✓","✓","12"
"AEXP_RedPanda","75%","8","Intermediate","","","","","0.28","","✓","10%","57","","","","","✓","✓","12"
"AEXP_WildGoose","60%","6","None","✓","50.0%","35.0%","","0.42","","✓","0%","48","","","","","✓","✓","12"
"AEXP_Beaver","68%","7","None","","2.0%","2.0%","","0.30","","✓","0%","52.8","","✓","2","6","✓","✓","12"
"AEXP_Hedgehog","55%","5","None","","15.0%","3.0%","","0.23","","✓","5%","45","","","","","✓","✓","10"
"AEXP_Jaguar","80%","8","Advanced","","50.0%","30.0%","✓","1.00","1.00","✓","0%","60","✓","","","","✓","✓","12"
"AEXP_Lemur","70%","7","Intermediate","","","","","0.25","","✓","10%","54","","✓","3","15","✓","✓","12"
"AEXP_Mandrill","80%","8","Advanced","","","","","0.80","","✓","2.5%","60","✓","✓","2","6","✓","✓","12"
"AEXP_Tapir","65%","6","None","✓","","","","0.85","","✓","0%","51","✓","","","","✓","✓","12"
"AEXP_Anaconda","75%","8","None","","10.0%","10.0%","✓","3.00","4.00","✓","0%","57","","","","","✓","✓","12"
"AEXP_IndianElephant","75%","8","Advanced","","10.0%","10.0%","","3.30","","✓","0%","57","✓","✓","3","7","✓","✓","12"
"AEXP_MegaWolverine","97%","10","Advanced","","20.0%","25.0%","✓","3.80","99999.00","✓","0%","70.2","✓","","","","✓","✓","12"
"AEXP_BlackFootedFerret","60%","6","Advanced","","","","✓","0.50","0.50","✓","5%","48","✓","","","","✓","✓","12"
"AEXP_BlackRhino","90%","9","None","","100.0%","30.0%","","2.58","","✓","0%","66","","✓","","4","✓","✓","12"
"AEXP_Bonobo","80%","8","Advanced","","20.0%","5.0%","","0.75","","✓","20%","60","✓","✓","3","7","✓","✓","8"
"AEXP_Moa","95%","10","None","","100.0%","100.0%","","2.00","","✓","0%","69","✓","","","","✓","✓","12"
"AEXP_Quagga","50%","5","None","","10.0%","","","2.00","","✓","60%","42","✓","✓","4","8","✓","✓","12"
"AEXP_RockhopperPenguin","70%","7","None","","15.0%","5.0%","","0.40","","✓","0%","54","✓","✓","3","7","✓","✓","12"
"AEXP_TasmanianDevil","60%","6","Advanced","","100.0%","","✓","0.75","0.70","✓","5%","48","✓","","","","✓","✓","12"
"AEXP_Thylacine","60%","6","Advanced","","","","","0.86","","✓","5%","48","✓","","","","✓","✓","12"
"AEXP_AfricanWildDog","85%","9","Advanced","","15.0%","5.0%","✓","0.85","0.99","✓","0%","63","✓","","","","✓","✓","12"
"AEXP_Pangolin","75%","8","None","","","","","0.50","","✓","0%","57","","✓","","","✓","✓","12"
"VAERoy_AngoraRabbit","60%","6","Intermediate","","","","","0.20","","✓","8%","48","","","","","","","8"
"VAERoy_Crane","75%","8","None","","20.0%","","","1.25","","✓","0%","57","","✓","","","","","12"
"VAERoy_Megachicken","0%","0","Advanced","","","","","0.30","","✓","0%","12","","","","","✓","✓","8"
"VAERoy_Orangutan","55%","5","Advanced","","20.0%","5.0%","","1.80","","✓","0%","45","","✓","","","","","12"
"VAERoy_Pheasant","0%","0","None","","","","","0.30","","✓","0%","12","","✓","","","","","12"
"VAERoy_RoyalTiger","65%","6","Advanced","","","","✓","1.00","2.00","✓","0%","51","","","","","","","12"
"VAEWaste_Hydra","75%","8","None","","50.0%","10.0%","✓","0.35","0.35","✓","0%","57","","","","","✓","✓","12"
"VAEWaste_Megatardi","40%","4","None","✓","5.0%","3.0%","","2.00","","✓","0%","36","✓","","","3","","","12"
"VAEWaste_Pestigator","100%","14","None","","100.0%","20.0%","✓","3.00","3.00","✓","0%","72","","","","","✓","✓","12"
"VAEWaste_Toxafox","75%","8","Advanced","","","","✓","0.55","0.80","✓","0%","57","","","","","✓","✓","12"
"VAEWaste_Toxbear","100%","14","Advanced","","50.0%","30.0%","✓","4.00","3.00","✓","0%","72","","","","","✓","✓","12"
"VAEWaste_Toxiguana","50%","5","None","","","","","1.40","","✓","0%","42","","","","","✓","✓","12"
"VAEWaste_Toxlion","88%","9","Advanced","","45.0%","45.0%","✓","1.65","2.00","✓","0%","64.8","","","","3","✓","✓","12"
"VAEWaste_Toxscorpion","90%","9","Intermediate","","50.0%","","✓","2.50","99999.00","✓","0%","66","","","","3","✓","✓","12"
"VAEWaste_Wasteboar","50%","5","Intermediate","","","","","1.30","","✓","0%","42","","✓","5","10","✓","✓","12"
"VAEWaste_Wastedeer","75%","8","None","✓","","","","1.20","","✓","0%","57","","✓","3","9","✓","✓","12"
"VAEWaste_Wasteffalo","60%","6","None","✓","10.0%","","","2.40","","✓","0%","48","✓","✓","","","✓","✓","12"
"Weasel","55%","5","None","","","","","0.15","","✓","0%","45","","","","","✓","✓","12"
"WD_Beagle","10%","1","Advanced","","20.0%","0.4%","","0.60","","✓","100%","18","","","2","3","✓","✓","12"
"WD_Boxer","10%","1","Advanced","","30.0%","0.5%","✓","1.20","99999.00","✓","100%","18","","","2","3","✓","✓","12"
"WD_Corgi","10%","1","Advanced","","20.0%","0.5%","","0.50","","✓","100%","18","","","2","3","✓","✓","12"
"WD_Dachshund","10%","1","Advanced","","40.0%","0.5%","","0.50","","✓","100%","18","","","2","3","✓","✓","12"
"WD_Dalmatian","20%","2","Advanced","","10.0%","0.6%","","1.00","","✓","100%","24","","","2","3","✓","✓","12"
"WD_Jackrussell","10%","1","Advanced","","10.0%","1.0%","","0.50","","✓","100%","18","","","2","3","✓","✓","12"
"WD_Pitbull","10%","1","Advanced","","50.0%","1.0%","✓","1.20","99999.00","✓","100%","18","","","2","3","✓","✓","12"
"WD_Pug","10%","1","Advanced","","20.0%","0.5%","","0.30","","✓","100%","18","","","2","3","✓","✓","12"
"WD_Sheepdog","10%","1","Advanced","","10.0%","0.5%","","1.00","","✓","100%","18","","","2","3","✓","✓","12"
"DW_Garmr","70%","7","Advanced","","70.0%","50.0%","✓","4.00","3.00","✓","50%","54","","","","3","✓","✓","12"
"aka_Tanuki","0%","0","Intermediate","","","","","0.30","","✓","0%","12","","✓","","3","✓","✓","12"
"DA_Barog","55%","5","None","✓","10.0%","","","2.40","","✓","0%","45","✓","✓","3","5","✓","✓","12"
"DA_BeardedTroll","80%","8","Advanced","","100.0%","50.0%","✓","2.00","8.50","✓","0%","60","","✓","","2","✓","✓","12"
"DA_BlackScribe","87%","9","Intermediate","","100.0%","70.0%","✓","0.50","5.00","✓","0%","64.2","","","","","✓","✓","12"
"DA_Crestel","97%","10","Advanced","","100.0%","50.0%","✓","4.00","3.00","✓","0%","70.2","","","","","✓","✓","12"
"DA_DwarvenMuffton","45%","4","None","✓","20.0%","","","1.30","","✓","0%","39","✓","✓","2","4","✓","✓","12"
"DA_Snaptoad","90%","9","Intermediate","","100.0%","85.0%","✓","2.30","3.00","✓","0%","66","","","","","✓","✓","12"
"DA_Goldilox","84%","8","Advanced","","60.0%","10.0%","","4.00","","✓","0%","62.4","","✓","","2","✓","✓","12"
"DA_IroncasketBeetle","20%","2","Intermediate","","20.0%","","","0.50","","✓","0%","24","","","","","✓","✓","12"
"DA_Karabal","60%","6","Intermediate","","100.0%","40.0%","✓","1.40","3.30","✓","50%","48","","","","2","✓","✓","12"
"DA_LeviathanCrab","80%","8","Advanced","","100.0%","40.0%","✓","3.30","99999.00","✓","0%","60","","","","","✓","✓","12"
"DA_NorthernDrog","90%","9","Advanced","","100.0%","40.0%","","4.00","","✓","0%","66","✓","✓","","2","✓","✓","12"
"DA_ForestOwlcat","25%","2","Intermediate","","","","✓","0.38","0.35","✓","100%","27","","","","","✓","✓","12"
"DA_ArcticOwlcat","25%","2","Intermediate","","","","✓","0.38","0.35","✓","100%","27","","","","","✓","✓","12"
"DA_Phrak","70%","7","Intermediate","","100.0%","40.0%","✓","0.30","5.00","✓","0%","54","","","","","✓","✓","12"
"DA_Pilgrim","35%","3","None","✓","10.0%","","","2.40","","✓","0%","33","✓","✓","2","3","✓","✓","12"
"DA_RedhornedLarpah","99%","14","Intermediate","","100.0%","100.0%","","1.00","","✓","0%","71.4","","","","","✓","✓","12"
"DA_ImperialRedhound","15%","1","Advanced","","100.0%","40.0%","✓","2.15","2.30","✓","50%","21","","","","","✓","✓","12"
"DA_RockTroll","80%","8","Intermediate","","100.0%","70.0%","✓","4.50","8.50","✓","0%","60","","","","","✓","✓","12"
"DA_SilverMole","60%","6","None","","","","","0.20","","✓","40%","48","","","","","✓","✓","8"
"DA_Taraal","80%","8","Advanced","","70.0%","40.0%","✓","2.50","3.00","✓","0%","60","","","","","✓","✓","12"
"DA_SnowTaraal","80%","8","Advanced","","70.0%","40.0%","✓","2.50","3.00","✓","0%","60","","","","","✓","✓","12"
"FEB_Leadbelly","30%","3","None","✓","","","","2.40","","✓","0%","30","","✓","2","5","✓","✓","12"
"FEB_Toxoga","0%","0","Advanced","","","","","1.00","","✓","0%","12","","","","2","✓","✓","12"
"FEB_Apotheca","25%","2","None","✓","","","","1.00","","✓","0%","27","✓","✓","","2","✓","✓","12"
"FEB_Cottonfoot","25%","2","None","","","","","0.20","","✓","8%","27","","","","","✓","✓","8"
"FEB_CryoToad","25%","2","Intermediate","","","","","0.80","","✓","0%","27","","","","","✓","✓","12"
"FEB_Ferrohorn","10%","1","None","✓","20.0%","","","2.40","","✓","0%","18","✓","✓","3","9","✓","✓","12"
"FEB_Gutterhog","35%","3","Intermediate","","20.0%","3.0%","","1.13","","✓","0%","33","","","","","✓","✓","12"
"HC_Alligatorturtle","75%","8","None","","70.0%","20.0%","✓","1.05","0.70","✓","0%","57","","","","","✓","✓","12"
"HC_Baboon","75%","8","Advanced","","35.0%","25.0%","✓","0.75","1.00","✓","0%","57","","✓","2","6","✓","✓","12"
"HC_Bullfrog","50%","5","None","✓","8.0%","2.0%","✓","0.19","0.08","✓","0%","42","","","","","✓","✓","24"
"HC_Galapagostortoise","75%","8","Intermediate","","2.0%","1.2%","","2.20","","✓","0%","57","","","","","✓","✓","12"
"HC_KomodoDragon","75%","8","Advanced","","40.0%","20.0%","✓","1.60","2.30","✓","0%","57","","","","","✓","✓","12"
"HC_Leopardgecko","50%","5","None","","1.2%","1.2%","","0.10","","✓","50%","42","","","","","✓","✓","12"
"HC_Pangolin","75%","8","None","","","","","0.50","","✓","0%","57","","","","","✓","✓","12"
"HC_Samoyed","0%","0","Advanced","","","","","0.70","","✓","100%","12","","","","","✓","✓","12"
"HC_Serval","80%","8","Advanced","","10.0%","10.0%","✓","0.55","0.80","✓","0%","60","","","","","✓","✓","12"
"HC_Snowleopard","80%","8","Advanced","","20.0%","20.0%","✓","1.30","1.00","✓","0%","60","","","","","✓","✓","12"
"HC_Watermonitor","60%","6","Intermediate","","2.0%","5.0%","✓","0.80","1.00","✓","0%","48","","","","","✓","✓","12"
"HC_Weasel","80%","8","Advanced","","25.0%","15.0%","✓","0.35","0.50","✓","0%","60","","✓","","3","✓","✓","12"
"Pigeon","30%","3","Advanced","","","","","0.40","","✓","0%","30","✓","","3","7","✓","✓","8"
"GreenPeacock","45%","4","None","✓","","","","0.60","","✓","0%","39","","","","","✓","✓","12"
"RedPeacock","45%","4","None","✓","","","","0.60","","✓","0%","39","","","","","✓","✓","12"
"SpottedHyena","70%","7","Advanced","","25.0%","15.0%","✓","1.00","99999.00","✓","0%","54","","","4","7","✓","✓","12"
"StripedHyena","70%","7","Advanced","","25.0%","15.0%","✓","1.00","99999.00","✓","0%","54","","","2","4","✓","✓","12"
"Grimstone_Belloceros","70%","7","Intermediate","","60.0%","50.0%","","3.00","","✓","0%","54","✓","✓","","2","✓","✓","12"
"Grimstone_EmperorVulture","60%","6","Intermediate","","30.0%","30.0%","","1.00","","✓","0%","48","","","","","✓","✓","12"
"Grimstone_Griffar","90%","9","Advanced","","100.0%","80.0%","✓","4.00","6.00","✓","60%","66","✓","","","","✓","✓","12"
"Grimstone_Grimshadow","90%","9","Advanced","","100.0%","80.0%","✓","4.00","4.00","✓","0.5%","66","","","","","✓","✓","12"
"Grimstone_NorthernLynx","80%","8","Advanced","","50.0%","30.0%","✓","1.00","1.00","✓","0%","60","","","","","✓","✓","12"
"Grimstone_Sheepdog","0%","0","Advanced","","","","","0.75","","✓","100%","12","","","","","✓","✓","12"
"Grimstone_Tetras","45%","4","None","✓","","","","0.60","","✓","0%","39","","","","","✓","✓","12"
"CK_Panda","80%","8","Advanced","","50.0%","30.0%","","2.15","","✓","0%","60","","","","","✓","✓","12"
"CK_Tiger","80%","8","Advanced","","50.0%","30.0%","✓","1.00","1.00","✓","0%","60","","","","","✓","✓","12"
"CK_WhiteTiger","80%","8","Advanced","","50.0%","30.0%","✓","1.00","1.00","✓","0%","60","","","","","✓","✓","12"
"CK_SnowLeopard","80%","8","Advanced","","50.0%","30.0%","✓","1.00","1.00","✓","0%","60","","","","","✓","✓","12"
"CK_Jaguar","80%","8","Advanced","","50.0%","30.0%","✓","1.00","1.00","✓","0%","60","","","","","✓","✓","12"
"CK_Peafowl","45%","4","None","","","","","0.70","","✓","0%","39","","","","","✓","✓","12"
"CK_Junglefowl","9%","1","None","","","","","0.40","","✓","0%","17.4","","","","","✓","✓","12"
"CK_ArcticHare","75%","8","None","","","","","0.20","","✓","8%","57","","","","","✓","✓","8"
"CK_KomodoDragon","80%","8","Intermediate","","","","✓","2.00","99999.00","✓","0%","60","","","2","5","✓","✓","12"
"CK_Tapir","75%","8","Intermediate","","","2.5%","","0.80","","✓","0%","57","","✓","3","9","✓","✓","12"
"CK_Okapi","75%","8","Intermediate","","","","","1.30","","✓","0%","57","","","2","6","✓","✓","12"
"CK_SquirrelMonkey","60%","6","Intermediate","","","","","0.35","","✓","50%","48","","✓","3","7","✓","✓","12"
"CK_SpiderMonkey","60%","6","Intermediate","","","","","0.35","","✓","50%","48","","✓","3","7","✓","✓","12"
"CK_CapuchinMonkey","60%","6","Intermediate","","","","","0.35","","✓","50%","48","","✓","3","7","✓","✓","12"
"CK_Python","75%","8","None","","100.0%","2.5%","✓","1.25","0.50","✓","0%","57","","","","","✓","✓","12"
"VV_NHCP_Dryad_Cedarmaker","0%","0","None","","100.0%","","","0.67","","✓","0%","12","","","","","","","12"
"VV_NHCP_Dryad_Ebonymaker","0%","0","None","","100.0%","","","0.67","","✓","0%","12","","","","","","","12"
"VV_NHCP_Dryad_Mahoganymaker","0%","0","None","","100.0%","","","0.67","","✓","0%","12","","","","","","","12"
"VV_NHCP_Dryad_Rosewoodmaker","0%","0","None","","100.0%","","","0.67","","✓","0%","12","","","","","","","12"
"ERN_SnowLeopard","80%","8","Advanced","","10.0%","10.0%","✓","1.10","1.00","✓","0%","60","✓","","","","✓","✓","12"
"ERN_Pika","50%","5","None","","","","","0.15","","✓","15%","42","","","","","✓","✓","8"
"ERN_PallasCat","80%","8","Advanced","","10.0%","10.0%","✓","0.60","1.00","✓","0%","60","","","","","✓","✓","12"
"ERN_Argali","75%","8","None","✓","2.0%","2.0%","","1.00","","✓","0%","57","✓","✓","2","6","✓","✓","12"
"ERN_Opossum","32%","3","Intermediate","","20.0%","10.0%","✓","0.35","0.15","✓","0%","31.2","","","","","✓","✓","8"
"ERN_Ferret","40%","4","Advanced","","10.0%","2.0%","✓","0.50","0.50","✓","8%","36","","","","","✓","✓","12"
"ERN_Redpanda","30%","3","Intermediate","","3.0%","1.0%","","0.30","","✓","0%","30","","","","","✓","✓","8"
"ERN_ptarmigan","2%","0","None","✓","5.0%","1.0%","","0.18","","✓","0%","13.2","","✓","3","6","✓","✓","24"
"ERN_Greyfox","65%","6","Advanced","","","","✓","0.55","0.80","✓","8%","51","","","","","✓","✓","12"
"ERN_Mink","70%","7","Advanced","","10.0%","5.0%","✓","0.55","0.90","✓","8%","54","","","","","✓","✓","12"
"ERN_Hedgehog","55%","5","None","","15.0%","3.0%","","0.23","","✓","0%","45","","","","","✓","✓","10"
"ERN_Gartersnake","65%","6","None","","2.0%","3.0%","✓","0.15","0.15","✓","5%","51","","","","","✓","✓","12"
"ERN_Armadillo","45%","4","None","","3.0%","2.0%","","0.20","","✓","0%","39","","","","","✓","✓","8"
"CK_Gorilla","60%","6","Advanced","","50.0%","10.0%","","2.00","","✓","0%","48","","","2","5","✓","✓","12"
