"defName","espece","bodySize_actuel","masse_impliquee_kg","masse_reelle_kg","facteur_erreur","bodySize_cible"
"Fox_Fennec","Fennec","0,55","11,6","1.3","8,96","0,26"
"Chinchilla","Chinchilla","0,35","3","0.6","5","0,2"
"Gorilla","Gorille des plaines","2","560","160","3,5","1,32"
"Goose","Oie cendree","0,6","15,1","5","3,02","0,41"
"Fox_Arctic","Renard polaire","0,55","11,6","4","2,91","0,39"
"Bear_Grizzly","Ours brun","2,15","695,7","300","2,32","1,62"
"Pig","Cochon domestique","1,7","343,9","150","2,29","1,29"
"Elk","Wapiti","2,1","648,3","320","2,03","1,66"
"Fox_Red","Renard roux","0,55","11,6","6","1,94","0,44"
"Cat","Chat domestique","0,5","8,8","4.5","1,94","0,4"
"Horse","Cheval domestique","2,4","967,7","500","1,94","1,93"
"Deer","Cerf de Virginie","1,29","150,3","80","1,88","1,05"
"Husky","Husky siberien","0,86","44,5","25","1,78","0,71"
"Wolverine","Glouton","0,7","24","15","1,6","0,6"
"Bear_Polar","Ours polaire","2,15","695,7","450","1,55","1,86"
"Cow","Vache domestique","2,4","967,7","700","1,38","2,15"
"Bison","Bison d'Amerique","2,4","967,7","700","1,38","2,15"
"Dromedary","Dromadaire","2,1","648,3","500","1,3","1,93"
"Cougar","Puma","1","70","60","1,17","0,95"
"Panther","Panthere noire","1","70","60","1,17","0,95"
"Elephant","Elephant d'Afrique","4","4480","4000","1,12","3,85"
"Raccoon","Raton laveur","0,48","7,7","7","1,11","0,46"
"Hare","Lievre d'Europe","0,38","3,8","3.5","1,1","0,37"
"Yak","Yak domestique","2,1","648,3","600","1,08","2,05"
"Alpaca","Alpaga","1","70","65","1,08","0,98"
"Wolf_Arctic","Loup arctique","0,85","43","40","1,07","0,83"
"Donkey","Ane domestique","1,4","192,1","180","1,07","1,37"
"Ibex","Bouquetin des Alpes","1,05","81","80","1,01","1,05"
"Sheep","Mouton domestique","1","70","70","1","1"
"LabradorRetriever","Labrador","0,75","29,5","30","0,98","0,75"
"Turkey","Dindon sauvage","0,48","7,7","8","0,97","0,49"
"Gazelle","Gazelle de Thomson","0,7","24","25","0,96","0,71"
"Wolf_Timber","Loup gris","0,85","43","45","0,96","0,86"
"Rhinoceros","Rhinoceros blanc","3,06","2005,7","2200","0,91","3,16"
"Iguana","Iguane vert","0,4","4,5","5","0,9","0,41"
"Tiger","Tigre du Bengale","1,4","192,1","220","0,87","1,46"
"Alligator","Alligator d'Amerique","1,5","236,2","300","0,79","1,62"
"Chicken","Poule domestique","0,3","1,9","2.5","0,76","0,33"
"Lynx","Lynx boreal","0,6","15,1","20","0,76","0,66"
"Ostrich","Autruche","1","70","110","0,64","1,16"
"Duck","Canard colvert","0,3","1,9","3","0,63","0,35"
"Squirrel","Ecureuil roux","0,16","0,3","0.5","0,57","0,19"
"GuineaPig","Cochon d'Inde","0,2","0,6","1","0,56","0,24"
"Caribou","Caribou","1","70","130","0,54","1,23"
"Capybara","Capybara","0,75","29,5","55","0,54","0,92"
"Goat","Chevre domestique","0,75","29,5","60","0,49","0,95"
"WildBoar","Sanglier","0,85","43","90","0,48","1,09"
"Tortoise","Tortue d'Hermann","0,5","8,8","20","0,44","0,66"
"Monkey","Macaque rhesus","0,35","3","8","0,38","0,49"
"Emu","Emeu","0,6","15,1","40","0,38","0,83"
"Cassowary","Casoar a casque","0,6","15,1","45","0,34","0,86"
"Rat","Rat brun","0,1","0,1","0.35","0,2","0,17"
"Snowhare","Lievre variable","0,2","0,6","3","0,19","0,35"
"Cobra","Cobra royal","0,25","1,1","6","0,18","0,44"
