"defName","espece","categorie","bodySize_actuel","bodySize_cible","masse_reelle_kg","masse_impliquee_kg","facteur"
"Nem_Mantis","Mante religieuse","reel","3,25","0,041","0,005","2402,97","78,33"
"Nem_Mosquito","Moustique","reel","0,23","0,004","5E-06","0,85","55,43"
"Ling_Cockroach","Blatte","reel","2","0,066","0,02","560","30,37"
"Nem_Spider","Araignee","reel","1","0,035","0,003","70","28,58"
"ACPHaulerAnt","Fourmi porteuse","fictif","2,5","0,089","0,05","1093,75","27,97"
"ThorntailMouse","Souris a queue epineuse","fictif","1,6","0,075","0,03","286,72","21,22"
"Locust","Criquet","reel","0,6","0,031","0,002","15,12","19,63"
"Jerbal","Gerbille","reel","1,9","0,1","0,07","480,13","19"
"Nem_Woodlouse","Cloporte","reel","0,15","0,011","0,0001","0,24","13,32"
"PackRat","Rat a bourse","reel","1,95","0,162","0,3","519,04","12"
"GiantRakali","Rakali geant","fictif","3","0,278","1,5","1890","10,8"
"ScourgeRat","Rat du fleau","fictif","1,55","0,193","0,5","260,67","8,05"
"ZDuck_GreaterMallard","Grand colvert","reel","2,1","0,271","1,4","648,27","7,74"
"Rimmessian_fox","Renard","fictif","3,5","0,464","7","3001,25","7,54"
"ZDuck_EiderPintail","Eider pilet","reel","2,3","0,316","2,2","851,69","7,29"
"ZGF_MegaMart","Martre geante","fictif","3,8","0,598","15","3841,04","6,35"
"ZTT_Plasturtle","Tortue plastique","fictif","2,3","0,385","4","851,69","5,97"
"TYR_SlatyEgret","Aigrette ardoisee","reel","1","0,169","0,34","70","5,9"
"TYR_SnowyEgret","Aigrette neigeuse","reel","1","0,174","0,37","70","5,74"
"ACPAcidAnt","Fourmi acide","fictif","0,3","0,052","0,01","1,89","5,74"
"ZPT_RubyMegakeet","Megaperruche rubis","fictif","2","0,35","3","560","5,72"
"KangarooRat","Rat-kangourou","reel","0,65","0,12","0,12","19,22","5,43"
"ACPMegabadger","Blaireau geant","fictif","4,5","0,863","45","6378,75","5,21"
"TYR_ReddishEgret","Aigrette roussatre","reel","1","0,193","0,5","70","5,19"
"ZDuck_ArcticRazorbill","Pingouin torda arctique","reel","1","0,215","0,7","70","4,64"
"ACPErmine","Hermine","reel","0,7","0,153","0,25","24,01","4,58"
"Rat_Large","Grand rat","fictif","1","0,225","0,8","70","4,44"
"AEXP_MegaWolverine","Glouton geant","fictif","3,8","0,863","45","3841,04","4,4"
"ZDuck_Bufflehead","Petit garrot","reel","0,8","0,186","0,45","35,84","4,3"
"ZPT_LilacMegakeet","Megaperruche lilas","fictif","1,4","0,35","3","192,08","4"
"Harvest_Mouse","Rat des moissons","reel","0,18","0,046","0,007","0,41","3,88"
"TYR_MousePoison","Souris venimeuse","fictif","0,25","0,066","0,02","1,09","3,8"
"Nem_Cockroach","Blatte","reel","0,25","0,066","0,02","1,09","3,8"
"ZDuck_RudderDuck","Erismature","reel","0,75","0,199","0,55","29,53","3,77"
"ZPT_QuakerParrot","Conure veuve","reel","0,4","0,113","0,1","4,48","3,55"
"ZDuck_DesertRazorbill","Pingouin torda du desert","fictif","0,75","0,215","0,7","29,53","3,48"
"ZPT_RingneckedParakeet","Perruche a collier","reel","0,4","0,123","0,13","4,48","3,25"
"ZPT_Kea","Nestor kea","reel","0,75","0,234","0,9","29,53","3,2"
"ZPT_SunConure","Conure soleil","reel","0,37","0,116","0,11","3,55","3,18"
"ACPThornyDevil","Diable cornu","reel","0,28","0,089","0,05","1,54","3,13"
"ZPT_CarolinaParakeet","Conure de Caroline","eteint","0,35","0,113","0,1","3","3,11"
"DireRat","Rat sinistre","fictif","0,85","0,278","1,5","42,99","3,06"
"TYR_Mouse","Souris domestique","reel","0,2","0,066","0,02","0,56","3,04"
"DiamondDove","Colombe diamant","reel","0,25","0,083","0,04","1,09","3,01"
"AEXP_Anaconda","Anaconda vert","reel","3","1","70","1890","3"
"ZGF_RimMart","Martre du rim","fictif","0,9","0,306","2","51,03","2,94"
"BB_Toucan","Toucan toco","reel","0,6","0,205","0,6","15,12","2,93"
"VAERoy_Crane","Grue cendree","reel","1,25","0,428","5,5","136,72","2,92"
"ZDuck_Quackodile","Canardile","fictif","1,4","0,485","8","192,08","2,88"
"ZTT_Toughback","Tortue cuirassee","fictif","1,9","0,659","20","480,13","2,88"
"ZPT_Hyacinth","Ara hyacinthe","reel","0,8","0,278","1,5","35,84","2,88"
"Mouse","Souris domestique","reel","0,18","0,066","0,02","0,41","2,73"
"AA_RoughPlatedMonitor","Varan cuirasse","fictif","2","0,754","30","560","2,65"
"ZTT_WiggleneckTurtle","Tortue a cou souple","fictif","0,88","0,35","3","47,7","2,51"
"HC_Weasel","Belette","reel","0,35","0,142","0,2","3","2,47"
"RG_SabertoothSquirrel","Ecureuil a dents de sabre","fictif","0,5","0,205","0,6","8,75","2,44"
"GreenSnake","Couleuvre verte","reel","0,2","0,083","0,04","0,56","2,41"
"Woolly_Mouse","Souris laineuse","fictif","0,18","0,075","0,03","0,41","2,39"
"Pigeon","Pigeon biset","reel","0,4","0,171","0,35","4,48","2,34"
"AEXP_GilaMonster","Monstre de Gila","reel","0,5","0,215","0,7","8,75","2,32"
"StrayDogs_BerneseMountainDog","Bouvier bernois","reel","2","0,863","45","560","2,32"
"Megavole","Campagnol geant","fictif","0,8","0,35","3","35,84","2,29"
"ZGF_YellowMart","Martre a gorge jaune","reel","0,8","0,35","3","35,84","2,29"
"TYR_Hummingbird_BlueTailed","Colibri a queue bleue","reel","0,1","0,044","0,006","0,07","2,27"
"Mole_Rat","Rat-taupe nu","reel","0,18","0,079","0,035","0,41","2,27"
"TYR_Owl_AfricanGrass","Hibou du Cap","reel","0,4","0,179","0,4","4,48","2,24"
"Sandpiper","Becasseau","reel","0,2","0,089","0,05","0,56","2,24"
"Quail","Caille des bles","reel","0,25","0,113","0,1","1,09","2,22"
"RG_Thrinaxodon","Thrinaxodon","eteint","0,42","0,193","0,5","5,19","2,18"
"Heron","Heron cendre","reel","0,6","0,278","1,5","15,12","2,16"
"BB_Hornbill","Calao","reel","0,6","0,278","1,5","15,12","2,16"
"ZebraFinch","Diamant mandarin","reel","0,12","0,056","0,012","0,12","2,16"
"ERN_Mink","Vison d'Amerique","reel","0,55","0,258","1,2","11,65","2,13"
"ScarletKingSnake","Serpent roi ecarlate","reel","0,2","0,095","0,06","0,56","2,11"
"CinnamonGroundDove","Colombe cannelle","reel","0,25","0,12","0,12","1,09","2,09"
"MourningDove","Tourterelle triste","reel","0,25","0,12","0,12","1,09","2,09"
"Striped_Mouse","Souris rayee","reel","0,18","0,086","0,045","0,41","2,09"
"Fox_Fennec","Fennec","reel","0,55","0,265","1,3","11,65","2,08"
"CactusMantis","Mante cactus","fictif","0,8","0,385","4","35,84","2,08"
"Whitefox","Renard polaire","reel","0,8","0,385","4","35,84","2,08"
"ACPDuckBilledPlatypus","Ornithorynque","reel","0,6","0,29","1,7","15,12","2,07"
"AEXP_CatMaineCoon","Maine coon","reel","1","0,485","8","70","2,06"
"AEXP_BlackFootedFerret","Putois a pieds noirs","reel","0,5","0,243","1","8,75","2,06"
"ERN_Ferret","Furet","reel","0,5","0,243","1","8,75","2,06"
"Egret","Aigrette garzette","reel","0,4","0,199","0,55","4,48","2,01"
"TYR_Lemming","Lemming","reel","0,2","0,1","0,07","0,56","2"
"Gerbil","Gerbille","reel","0,2","0,1","0,07","0,56","2"
"Bluebird","Merlebleu","reel","0,15","0,075","0,03","0,24","1,99"
"ZGF_PineMart","Martre des pins","reel","0,55","0,278","1,5","11,65","1,98"
"Goldfinch","Chardonneret","reel","0,12","0,061","0,016","0,12","1,96"
"CrimsonBelliedConure","Conure a ventre rouge","reel","0,2","0,102","0,075","0,56","1,95"
"CK_KomodoDragon","Dragon de Komodo","reel","2","1,046","80","560","1,91"
"TurquoiseConure","Conure turquoise","reel","0,2","0,105","0,08","0,56","1,91"
"BlackCappedConure","Conure a tete noire","reel","0,2","0,105","0,08","0,56","1,91"
"PineappleConure","Conure ananas","reel","0,2","0,105","0,08","0,56","1,91"
"RingneckDove","Tourterelle rieuse","reel","0,25","0,132","0,16","1,09","1,9"
"AEXP_Kangaroo","Kangourou roux","reel","1,8","0,95","60","408,24","1,89"
"Jerboa","Gerboise","reel","0,18","0,095","0,06","0,41","1,89"
"rtp_BorderCollie","Border collie","reel","1,2","0,636","18","120,96","1,89"
"ZGF_Sable","Zibeline","reel","0,5","0,265","1,3","8,75","1,89"
"BrushTurkey","Talegalle","reel","0,6","0,32","2,3","15,12","1,87"
"ZTT_SandshellTurtle","Tortue des sables","fictif","0,65","0,35","3","19,22","1,86"
"CK_Panda","Panda geant","reel","2,15","1,163","110","695,69","1,85"
"ZTT_MudTurtle","Tortue de boue","reel","0,35","0,193","0,5","3","1,82"
"Grimstone_EmperorVulture","Vautour empereur","fictif","1","0,556","12","70","1,8"
"emperor_penguin","Manchot empereur","reel","1,35","0,754","30","172,23","1,79"
"CoralSnake","Serpent corail","reel","0,2","0,113","0,1","0,56","1,78"
"BB_EagleOwl","Grand-duc d'Europe","reel","0,6","0,338","2,7","15,12","1,78"
"VAERoy_Orangutan","Orang-outan","reel","1,8","1,023","75","408,24","1,76"
"CK_Peafowl","Paon bleu","reel","0,7","0,401","4,5","24,01","1,75"
"SunConure","Conure soleil","reel","0,2","0,116","0,11","0,56","1,72"
"ACPHoneyBadger","Ratel","reel","0,9","0,523","10","51,03","1,72"
"Chinchilla","Chinchilla","reel","0,35","0,205","0,6","3","1,71"
"AEXP_WelshTerrier","Welsh terrier","reel","0,86","0,505","9","44,52","1,7"
"WD_Pitbull","Pitbull","reel","1,2","0,709","25","120,96","1,69"
"WasteRat","Rat des dechets","fictif","0,3","0,179","0,4","1,89","1,68"
"StoneCrab","Crabe de pierre","reel","0,3","0,179","0,4","1,89","1,68"
"BlackBear","Ours noir","reel","2,15","1,289","150","695,69","1,67"
"TYR_KangarooRat","Rat-kangourou","reel","0,2","0,12","0,12","0,56","1,67"
"Bongo","Bongo","reel","2,7","1,624","300","1377,81","1,66"
"BB_Parrot","Perroquet gris","reel","0,3","0,182","0,42","1,89","1,65"
"BB_ParrotB","Perroquet","reel","0,3","0,182","0,42","1,89","1,65"
"Megasloth","Paresseux geant","fictif","3,85","2,343","900","3994,66","1,64"
"Penguin","Manchot papou","reel","0,7","0,428","5,5","24,01","1,63"
"GloucestershirePig","Gloucestershire","reel","2","1,229","130","560","1,63"
"Spoonbill","Spatule blanche","reel","0,45","0,278","1,5","6,38","1,62"
"CK_Junglefowl","Coq bankiva","reel","0,4","0,25","1,1","4,48","1,6"
"NandayConure","Conure nanday","reel","0,2","0,126","0,14","0,56","1,59"
"rtp_RhodesianRidgeback","Rhodesian ridgeback","reel","1,3","0,816","38","153,79","1,59"
"Sparrow","Moineau domestique","reel","0,12","0,075","0,03","0,12","1,59"
"WD_Boxer","Boxer","reel","1,2","0,754","30","120,96","1,59"
"WaterDeer","Hydropote","reel","0,9","0,571","13","51,03","1,58"
"BU_RedwingedBlackbird","Carouge a epaulettes","reel","0,15","0,095","0,06","0,24","1,58"
"HC_Snowleopard","Once","reel","1,3","0,83","40","153,79","1,57"
"Gemsbok","Oryx gazelle","reel","2,3","1,465","220","851,69","1,57"
"Fox_Sand","Renard pale","reel","0,55","0,35","3","11,65","1,57"
"GreenPeacock","Paon spicifere","reel","0,6","0,385","4","15,12","1,56"
"ERN_PallasCat","Chat de Pallas","reel","0,6","0,385","4","15,12","1,56"
"AEXP_Boombat","Roussette","reel","0,4","0,258","1,2","4,48","1,55"
"akaNEKO_N_Forest_Cat","Norvegien","reel","0,7","0,453","6,5","24,01","1,55"
"AEXP_TasmanianDevil","Diable de Tasmanie","reel","0,75","0,485","8","29,53","1,55"
"AEXP_Giraffe","Girafe","reel","4","2,578","1200","4480","1,55"
"AA_GiantCrownedSilkie","Poule soie geante","fictif","1,1","0,709","25","93,17","1,55"
"Muskox","Boeuf musque","reel","2,5","1,624","300","1093,75","1,54"
"ZDuck_Cayuga","Canard cayuga","reel","0,55","0,358","3,2","11,65","1,54"
"Oriole","Oriole","reel","0,12","0,079","0,034","0,12","1,53"
"HC_KomodoDragon","Dragon de Komodo","reel","1,6","1,046","80","286,72","1,53"
"Gorilla","Gorille des plaines","reel","2","1,317","160","560","1,52"
"TYR_Parrot_Caica","Caique a tete noire","reel","0,2","0,132","0,16","0,56","1,52"
"CK_Gorilla","Gorille des plaines","reel","2","1,317","160","560","1,52"
"Peacock","Paon bleu","reel","0,6","0,401","4,5","15,12","1,5"
"AEXP_Wildebeest","Gnou bleu","reel","2,2","1,465","220","745,36","1,5"
"Kangaroo_Rat","Rat-kangourou","reel","0,18","0,12","0,12","0,41","1,5"
"RedPeacock","Paon rouge","fictif","0,6","0,401","4,5","15,12","1,5"
"CK_SquirrelMonkey","Saimiri","reel","0,35","0,234","0,9","3","1,49"
"AEXP_GreatDane","Dogue allemand","reel","1,45","0,976","65","213,4","1,49"
"BU_MacawMilitary","Ara militaire","reel","0,35","0,234","0,9","3","1,49"
"BU_PeregrineFalcon","Faucon pelerin","reel","0,35","0,234","0,9","3","1,49"
"Grimstone_NorthernLynx","Lynx boreal","reel","1","0,68","22","70","1,47"
"RG_TerrorBird","Phorusrhacide","eteint","2","1,37","180","560","1,46"
"AEXP_CatNorwegianForest","Norvegien","reel","0,66","0,453","6,5","20,12","1,46"
"Manedwolf","Loup a criniere","reel","1","0,69","23","70","1,45"
"Goose","Oie cendree","reel","0,6","0,415","5","15,12","1,45"
"AEXP_DesertTortoise","Tortue du desert","reel","0,6","0,415","5","15,12","1,45"
"HC_Galapagostortoise","Tortue des Galapagos","reel","2,2","1,529","250","745,36","1,44"
"Ibis","Ibis sacre","reel","0,4","0,278","1,5","4,48","1,44"
"Macaw","Ara","reel","0,35","0,243","1","3","1,44"
"BU_MacawScarlet","Ara rouge","reel","0,35","0,243","1","3","1,44"
"BU_MacawShamrock","Ara shamrock","reel","0,35","0,243","1","3","1,44"
"akaNEKO_Maine_Coon","Maine coon","reel","0,7","0,485","8","24,01","1,44"
"ACPMegascorpion","Megascorpion","fictif","0,7","0,485","8","24,01","1,44"
"Fox_Arctic","Renard polaire","reel","0,55","0,385","4","11,65","1,43"
"Armadillo","Tatou a neuf bandes","reel","0,55","0,385","4","11,65","1,43"
"Dhole","Dhole","reel","0,85","0,598","15","42,99","1,42"
"Meerkat","Suricate","reel","0,32","0,225","0,8","2,29","1,42"
"WD_Sheepdog","Chien de berger","reel","1","0,709","25","70","1,41"
"HermitCrab","Bernard-l'ermite","reel","0,2","0,142","0,2","0,56","1,41"
"Plover","Pluvier","reel","0,2","0,142","0,2","0,56","1,41"
"AA_ArcticLion","Lion arctique","fictif","2","1,419","200","560","1,41"
"Mandrill","Mandrill","reel","1","0,709","25","70","1,41"
"HomingPigeon","Pigeon voyageur","reel","0,25","0,179","0,4","1,09","1,4"
"SnowRat","Rat des neiges","fictif","0,25","0,179","0,4","1,09","1,4"
"IrishDraught_horse","Irish draught","reel","2,87","2,047","600","1654,79","1,4"
"ZGF_JapaneseMart","Martre du Japon","reel","0,39","0,278","1,5","4,15","1,4"
"BU_MacawBlueYellow","Ara bleu et jaune","reel","0,35","0,25","1,1","3","1,4"
"Hamster","Hamster dore","reel","0,18","0,129","0,15","0,41","1,4"
"BU_MacawHarlequin","Ara arlequin","reel","0,35","0,25","1,1","3","1,4"
"BU_MacawCatalina","Ara catalina","reel","0,35","0,25","1,1","3","1,4"
"Cardinal","Cardinal rouge","reel","0,12","0,086","0,045","0,12","1,39"
"ZGF_BeechMart","Fouine","reel","0,4","0,29","1,7","4,48","1,38"
"BU_Cockatiel","Calopsitte","reel","0,15","0,109","0,09","0,24","1,38"
"Thoroughbred_horse","Pur-sang anglais","reel","2,64","1,926","500","1287,98","1,37"
"ERN_Greyfox","Renard gris","reel","0,55","0,401","4,5","11,65","1,37"
"ACPWildDog","Chien sauvage","reel","0,9","0,659","20","51,03","1,37"
"Fox_Gray","Renard gris","reel","0,55","0,401","4,5","11,65","1,37"
"Fox_Tibetan","Renard du Tibet","reel","0,55","0,401","4,5","11,65","1,37"
"Cormorant","Grand cormoran","reel","0,45","0,329","2,5","6,38","1,37"
"WD_Dalmatian","Dalmatien","reel","1","0,728","27","70","1,37"
"BU_Raven","Grand corbeau","reel","0,35","0,258","1,2","3","1,36"
"Mink","Vison d'Amerique","reel","0,35","0,258","1,2","3","1,36"
"AEXP_Moa","Moa","eteint","2","1,487","230","560","1,35"
"BerkshirePig","Cochon berkshire","reel","1,7","1,26","140","343,91","1,35"
"SaddlebackPig","Cochon saddleback","reel","1,7","1,26","140","343,91","1,35"
"ZPT_Eclectus","Grand eclectus","reel","0,25","0,186","0,45","1,09","1,34"
"ZebuCow","Zebu","reel","2,4","1,788","400","967,68","1,34"
"Moose","Elan","reel","2,5","1,859","450","1093,75","1,34"
"Megaspider","Megaraignee","fictif","1,2","0,894","50","120,96","1,34"
"GoldenJackal","Chacal dore","reel","0,7","0,523","10","24,01","1,34"
"ACPChipmunk","Tamia raye","reel","0,15","0,113","0,1","0,24","1,33"
"AEXP_Coyote","Coyote","reel","0,76","0,571","13","30,73","1,33"
"ERN_SnowLeopard","Once","reel","1,1","0,83","40","93,17","1,33"
"Pig","Cochon domestique","reel","1,7","1,289","150","343,91","1,32"
"Bear_Grizzly","Ours brun","reel","2,15","1,624","300","695,69","1,32"
"ACPBlackbear","Ours noir","reel","1,7","1,289","150","343,91","1,32"
"DurocPig","Cochon duroc","reel","1,7","1,289","150","343,91","1,32"
"WoolyPig","Cochon laineux","fictif","1,7","1,289","150","343,91","1,32"
"CK_Python","Python reticule","reel","1,25","0,95","60","136,72","1,32"
"DairyPig","Cochon laitier","fictif","1,7","1,289","150","343,91","1,32"
"AkhalTeke_horse","Akhal-teke","reel","2,44","1,859","450","1016,87","1,31"
"GoldenConure","Conure doree","reel","0,2","0,153","0,25","0,56","1,31"
"SCBullmastiff","Bullmastiff","reel","1,2","0,923","55","120,96","1,3"
"Connemara_horse","Connemara","reel","2,29","1,757","380","840,63","1,3"
"ACPPtarmigan","Lagopede","reel","0,25","0,193","0,5","1,09","1,3"
"HarianaCow","Hariana","reel","2,4","1,859","450","967,68","1,29"
"JerseyCow","Jersiaise","reel","2,4","1,859","450","967,68","1,29"
"Panda","Panda geant","reel","1,5","1,163","110","236,25","1,29"
"Mustang_horse","Mustang","reel","2,28","1,788","400","829,66","1,28"
"BB_Cockatoo","Cacatoes","reel","0,3","0,234","0,9","1,89","1,28"
"Przewalski_horse","Cheval de Przewalski","reel","2,08","1,624","300","629,92","1,28"
"Elk","Wapiti","reel","2,1","1,66","320","648,27","1,27"
"Arabian_horse","Arabe","reel","2,36","1,859","450","920,1","1,27"
"AEXP_ArcticCoyote","Coyote arctique","reel","0,76","0,598","15","30,73","1,27"
"AEXP_GermanShepherd","Berger allemand","reel","1","0,794","35","70","1,26"
"AEXP_Quagga","Quagga","eteint","2","1,587","280","560","1,26"
"SCPalomino","Palomino","reel","2,4","1,9","480","967,68","1,26"
"StripedHyena","Hyene rayee","reel","1","0,794","35","70","1,26"
"SCBlackHorse","Cheval noir","reel","2,4","1,926","500","967,68","1,25"
"Appaloosa_horse","Appaloosa","reel","2,4","1,926","500","967,68","1,25"
"Horse","Cheval domestique","reel","2,4","1,926","500","967,68","1,25"
"RG_Velociraptor","Velociraptor","eteint","0,75","0,598","15","29,53","1,25"
"SCWhiteHorse","Cheval blanc","reel","2,4","1,926","500","967,68","1,25"
"Quarter_horse","Quarter horse","reel","2,4","1,926","500","967,68","1,25"
"SCQuarterHorse","Quarter horse","reel","2,4","1,926","500","967,68","1,25"
"Dingo","Dingo","reel","0,75","0,598","15","29,53","1,25"
"Fox_Maikong","Renard des savanes","reel","0,55","0,441","6","11,65","1,25"
"Paint_horse","Paint horse","reel","2,4","1,926","500","967,68","1,25"
"BravaCow","Brava","reel","2,4","1,926","500","967,68","1,25"
"Fox_Silver","Renard argente","reel","0,55","0,441","6","11,65","1,25"
"Fox_Red","Renard roux","reel","0,55","0,441","6","11,65","1,25"
"Friesian_horse","Frison","reel","2,56","2,047","600","1174,41","1,25"
"Cat","Chat domestique","reel","0,5","0,401","4,5","8,75","1,25"
"Fjord_horse","Fjord norvegien","reel","2,24","1,788","400","786,76","1,25"
"Badger","Blaireau americain","reel","0,6","0,485","8","15,12","1,24"
"BU_Vulture","Vautour fauve","reel","0,6","0,485","8","15,12","1,24"
"Vulture","Vautour fauve","reel","0,6","0,485","8","15,12","1,24"
"Shire_horse","Shire","reel","2,87","2,343","900","1654,79","1,23"
"IrishHunter_horse","Irish hunter","reel","2,52","2,047","600","1120,21","1,23"
"SCCaucasianshepherd","Berger du Caucase","reel","1,2","0,976","65","120,96","1,23"
"Deer","Cerf de Virginie","reel","1,29","1,046","80","150,27","1,23"
"Belgian_Malinois","Malinois","reel","0,9","0,737","28","51,03","1,22"
"ZEle_Appo","Elephant","fictif","4,5","3,684","3500","6378,75","1,22"
"HC_Watermonitor","Varan malais","reel","0,8","0,659","20","35,84","1,21"
"AEXP_Thylacine","Thylacine","eteint","0,86","0,709","25","44,52","1,21"
"CK_SnowLeopard","Once","reel","1","0,83","40","70","1,21"
"Husky","Husky siberien","reel","0,86","0,709","25","44,52","1,21"
"Gypsy_horse","Gypsy cob","reel","2,4","1,988","550","967,68","1,21"
"Seagull","Goeland argente","reel","0,3","0,25","1,1","1,89","1,2"
"AEXP_AfricanWildDog","Lycaon","reel","0,85","0,709","25","42,99","1,2"
"AEXP_RockhopperPenguin","Gorfou sauteur","reel","0,4","0,338","2,7","4,48","1,18"
"AEXP_Lion","Lion","reel","1,65","1,395","190","314,45","1,18"
"Copperhead","Mocassin cuivre","reel","0,2","0,171","0,35","0,56","1,17"
"ACPMegaFerret","Furet geant","fictif","0,65","0,556","12","19,22","1,17"
"Wolverine","Glouton","reel","0,7","0,598","15","24,01","1,17"
"HighlandCow","Highland","reel","2,4","2,047","600","967,68","1,17"
"TYR_HotfootRat","Rat","fictif","0,2","0,171","0,35","0,56","1,17"
"AnkoleWatusiCow","Ankole-watusi","reel","2,4","2,047","600","967,68","1,17"
"VAERoy_Pheasant","Faisan de Colchide","reel","0,3","0,258","1,2","1,89","1,16"
"ERN_Gartersnake","Couleuvre rayee","reel","0,15","0,129","0,15","0,24","1,16"
"ACPBlackRhinoceros","Rhinoceros noir","reel","3","2,578","1200","1890","1,16"
"Bear_Polar","Ours polaire","reel","2,15","1,859","450","695,69","1,16"
"Pelican","Pelican blanc","reel","0,6","0,523","10","15,12","1,15"
"RG_WoollyStegosaurus","Stegosaure laineux","fictif","4","3,5","3000","4480","1,14"
"ERN_Pika","Pika","reel","0,15","0,132","0,16","0,24","1,14"
"SCNewFoundland","Terre-neuve","reel","1,1","0,976","65","93,17","1,13"
"GermanShepard","Berger allemand","reel","0,9","0,794","35","51,03","1,13"
"AEXP_Mandrill","Mandrill","reel","0,8","0,709","25","35,84","1,13"
"ColossusToad","Crapaud colosse","fictif","0,8","0,709","25","35,84","1,13"
"Spelopede","Spelopede","fictif","0,8","0,709","25","35,84","1,13"
"BlueJay","Geai bleu","reel","0,12","0,107","0,085","0,12","1,12"
"AEXP_Cheetah","Guepard","reel","1","0,894","50","70","1,12"
"YellowViper","Vipere jaune","fictif","0,2","0,179","0,4","0,56","1,12"
"WoolyCow","Vache laineuse","fictif","2,4","2,154","700","967,68","1,11"
"Bison","Bison d'Amerique","reel","2,4","2,154","700","967,68","1,11"
"BB_BarnOwl","Effraie des clochers","reel","0,19","0,171","0,35","0,48","1,11"
"ZGF_NilgiriMart","Martre des Nilgiri","reel","0,35","0,316","2,2","3","1,11"
"MilkCow","Vache laitiere","reel","2,4","2,154","700","967,68","1,11"
"Swan","Cygne tubercule","reel","0,6","0,54","11","15,12","1,11"
"BrahmanCow","Vache brahmane","reel","2,4","2,154","700","967,68","1,11"
"ERN_Lox","Boeuf laineux","fictif","2,4","2,154","700","967,68","1,11"
"Cow","Vache domestique","reel","2,4","2,154","700","967,68","1,11"
"BrownSwissCow","Brune des Alpes","reel","2,4","2,154","700","967,68","1,11"
"WD_Beagle","Beagle","reel","0,6","0,54","11","15,12","1,11"
"HolsteinFriesianCow","Holstein","reel","2,4","2,154","700","967,68","1,11"
"LonghornCow","Longhorn","reel","2,4","2,154","700","967,68","1,11"
"RG_Megalenhydris","Megalenhydris","eteint","1,2","1,087","90","120,96","1,1"
"Addax","Addax","reel","1,2","1,087","90","120,96","1,1"
"LimousinCow","Limousine","reel","2,4","2,205","750","967,68","1,09"
"AngusCow","Vache angus","reel","2,4","2,205","750","967,68","1,09"
"Dromedary","Dromadaire","reel","2,1","1,926","500","648,27","1,09"
"ERN_Misthare","Lievre des brumes","fictif","0,4","0,368","3,5","4,48","1,09"
"MeatCow","Vache a viande","reel","2,4","2,205","750","967,68","1,09"
"AEXP_WildGoose","Oie sauvage","reel","0,42","0,385","4","5,19","1,09"
"RedFootedTortoise","Tortue charbonniere","reel","0,5","0,464","7","8,75","1,08"
"RG_WoollyRhinoceros","Rhinoceros laineux","eteint","3,29","3,057","2000","2492,79","1,08"
"ACPWoolyRhino","Rhinoceros laineux","eteint","3,29","3,057","2000","2492,79","1,08"
"WD_Jackrussell","Jack russell","reel","0,5","0,464","7","8,75","1,08"
"ACPLion","Lion","reel","1,5","1,395","190","236,25","1,08"
"Mastodon","Mastodonte","eteint","4,5","4,149","5000","6378,75","1,08"
"HerefordCow","Hereford","reel","2,4","2,252","800","967,68","1,07"
"SCSaintbernard","Saint-bernard","reel","1,1","1,023","75","93,17","1,07"
"HC_Baboon","Babouin","reel","0,75","0,709","25","29,53","1,06"
"AEXP_Poodle","Caniche royal","reel","0,75","0,709","25","29,53","1,06"
"TYR_Triller_WhiteBrowed","Echenilleur a sourcils blancs","reel","0,08","0,075","0,03","0,04","1,06"
"Grimstone_Sheepdog","Chien de berger","reel","0,75","0,709","25","29,53","1,06"
"Weasel","Belette","reel","0,15","0,142","0,2","0,24","1,06"
"Panther","Panthere noire","reel","1","0,95","60","70","1,05"
"Cougar","Puma","reel","1","0,95","60","70","1,05"
"SCDoberman","Doberman","reel","0,83","0,794","35","40,03","1,05"
"AEXP_Zebra","Zebre des plaines","reel","1,71","1,624","300","350,01","1,05"
"TYR_FairyBluebird_Philippine","Irene des Philippines","reel","0,1","0,095","0,06","0,07","1,05"
"TYR_CattleEgret","Heron garde-boeufs","reel","0,18","0,171","0,35","0,41","1,05"
"Muskrat","Rat musque","reel","0,27","0,258","1,2","1,38","1,05"
"SpottedHyena","Hyene tachetee","reel","1","0,95","60","70","1,05"
"HouseFinch","Roselin familier","reel","0,07","0,067","0,021","0,02","1,05"
"HC_Leopardgecko","Gecko leopard","reel","0,1","0,095","0,06","0,07","1,05"
"akaNEKO_Scottish_Fold","Scottish fold","reel","0,4","0,385","4","4,48","1,04"
"akaNEKO_Scottish_Fold_Long","Scottish fold poil long","reel","0,4","0,385","4","4,48","1,04"
"akaNEKO_Siamese","Siamois","reel","0,4","0,385","4","4,48","1,04"
"ERN_Palamute","Malamute d'Alaska","reel","0,85","0,816","38","42,99","1,04"
"akaNEKO_J_Bobtail","Bobtail japonais","reel","0,4","0,385","4","4,48","1,04"
"Elephant","Elephant d'Afrique","reel","4","3,852","4000","4480","1,04"
"MudSnake","Serpent de boue","reel","0,2","0,193","0,5","0,56","1,04"
"Yak","Yak domestique","reel","2,1","2,047","600","648,27","1,03"
"SCCollie","Colley","reel","0,7","0,68","22","24,01","1,03"
"ZEle_AsianElephant","Elephant d'Asie","reel","3,8","3,684","3500","3841,04","1,03"
"ACPWoolyHorse","Cheval laineux","fictif","2","1,951","520","560","1,03"
"ACPFerret","Furet","reel","0,25","0,243","1","1,09","1,03"
"Raccoon","Raton laveur","reel","0,48","0,464","7","7,74","1,03"
"Hare","Lievre d'Europe","reel","0,38","0,368","3,5","3,84","1,03"
"TurtleDove","Tourterelle des bois","reel","0,13","0,126","0,14","0,15","1,03"
"Alpaca","Alpaga","reel","1","0,976","65","70","1,03"
"AEXP_Hedgehog","Herisson","reel","0,23","0,225","0,8","0,85","1,02"
"StrayDogs_AkitaJapanese","Akita inu","reel","0,85","0,83","40","42,99","1,02"
"SC_RockbullAlbino","Taureau de roche albinos","fictif","2,3","2,252","800","851,69","1,02"
"ACPHedgehog","Herisson","reel","0,23","0,225","0,8","0,85","1,02"
"Donkey","Ane domestique","reel","1,4","1,37","180","192,08","1,02"
"Wolf_Arctic","Loup arctique","reel","0,85","0,83","40","42,99","1,02"
"SC_Rockbull","Taureau de roche","fictif","2,3","2,252","800","851,69","1,02"
"ERN_Hedgehog","Herisson","reel","0,23","0,225","0,8","0,85","1,02"
"BU_Budgerigar","Perruche ondulee","reel","0,08","0,079","0,035","0,04","1,01"
"Fox_Kit","Renard nain","reel","0,31","0,306","2","2,09","1,01"
"Ibex","Bouquetin des Alpes","reel","1,05","1,046","80","81,03","1"
"dtf_angorarabbit","Lapin angora","reel","0,35","0,35","3","3","1"
"MonitorLizard","Varan","reel","0,6","0,598","15","15,12","1"
"AEXP_BlackRhino","Rhinoceros noir","reel","2,58","2,578","1200","1202,15","1"
"AEXP_BlackBear","Ours noir","reel","1,29","1,289","150","150,27","1"
"akaNEKO_shironeko","Chat blanc","reel","0,4","0,401","4,5","4,48","1"
"Flamingo","Flamant rose","reel","0,35","0,35","3","3","1"
"Sheep","Mouton domestique","reel","1","1","70","70","1"
"akaNEKO_Russian_Blue","Bleu russe","reel","0,4","0,401","4,5","4,48","1"
"akaNEKO_Persian","Persan","reel","0,4","0,401","4,5","4,48","1"
"RG_WoollyMammoth","Mammouth laineux","eteint","4,4","4,409","6000","5962,88","1"
"akaNEKO_kuroneko","Chat noir","reel","0,4","0,401","4,5","4,48","1"
"akaNEKO_kijitora","Chat tigre","reel","0,4","0,401","4,5","4,48","1"
"HC_Serval","Serval","reel","0,55","0,556","12","11,65","0,99"
"BrownLabradorRetriever","Labrador chocolat","reel","0,75","0,754","30","29,53","0,99"
"GoldenRetriever","Golden retriever","reel","0,75","0,754","30","29,53","0,99"
"LabradorRetriever","Labrador retriever","reel","0,75","0,754","30","29,53","0,99"
"TYR_GreatEgret","Grande aigrette","reel","0,24","0,243","1","0,97","0,99"
"BB_Kestrel","Faucon crecerelle","reel","0,14","0,142","0,2","0,19","0,99"
"Bullfrog","Ouaouaron","reel","0,19","0,193","0,5","0,48","0,99"
"Turkey","Dindon sauvage","reel","0,48","0,485","8","7,74","0,99"
"HC_Bullfrog","Ouaouaron","reel","0,19","0,193","0,5","0,48","0,99"
"HC_Samoyed","Samoyede","reel","0,7","0,709","25","24,01","0,99"
"TVP_ShibaInu","Shiba inu","reel","0,52","0,523","10","9,84","0,99"
"WD_Dachshund","Teckel","reel","0,5","0,505","9","8,75","0,99"
"StrayDogs_Shiba","Shiba inu","reel","0,52","0,523","10","9,84","0,99"
"Gazelle","Gazelle de Thomson","reel","0,7","0,709","25","24,01","0,99"
"AEXP_Camel","Chameau de Bactriane","reel","2","2,047","600","560","0,98"
"FoxSquirrel","Ecureuil fauve","reel","0,23","0,234","0,9","0,85","0,98"
"SCAfghanHound","Levrier afghan","reel","0,71","0,728","27","25,05","0,98"
"Cottonmouth","Mocassin d'eau","reel","0,2","0,205","0,6","0,56","0,98"
"Neanderthal","Homme de Neandertal","eteint","1","1,023","75","70","0,98"
"Wolf_Timber","Loup gris","reel","0,85","0,863","45","42,99","0,98"
"ACPGiraffe","Girafe","reel","2,5","2,578","1200","1093,75","0,97"
"HC_Alligatorturtle","Tortue alligator","reel","1,05","1,087","90","81,03","0,97"
"ACPSilkieChicken","Poule soie","reel","0,25","0,258","1,2","1,09","0,97"
"Rhinoceros","Rhinoceros blanc","reel","3,06","3,156","2200","2005,68","0,97"
"akaNEKO_A_Shorthair","Chat americain a poil court","reel","0,4","0,415","5","4,48","0,96"
"Wolf_Red","Loup roux","reel","0,68","0,709","25","22,01","0,96"
"Tiger","Tigre du Bengale","reel","1,4","1,465","220","192,08","0,96"
"TYR_Cuckooshrike_BlackWinged","Echenilleur a ailes noires","reel","0,08","0,083","0,04","0,04","0,96"
"Iguana","Iguane vert","reel","0,4","0,415","5","4,48","0,96"
"CK_CapuchinMonkey","Capucin","reel","0,35","0,368","3,5","3","0,95"
"ERN_MountainDog","Bouvier bernois","reel","0,85","0,894","50","42,99","0,95"
"ACPXGecko","Gecko","reel","0,09","0,095","0,06","0,05","0,95"
"Hippo","Hippopotame","reel","2,8","2,952","1800","1536,64","0,95"
"ACPLlama","Lama","reel","1,2","1,26","140","120,96","0,95"
"SapphirerHamster","Hamster saphir","reel","0,12","0,129","0,15","0,12","0,93"
"ERN_ptarmigan","Lagopede","reel","0,18","0,193","0,5","0,41","0,93"
"PuddingHamster","Hamster pudding","reel","0,12","0,129","0,15","0,12","0,93"
"PearlHamster","Hamster perle","reel","0,12","0,129","0,15","0,12","0,93"
"ZTT_Steelshell","Tortue d'acier","fictif","0,65","0,709","25","19,22","0,92"
"Alligator","Alligator d'Amerique","reel","1,5","1,624","300","236,25","0,92"
"AEXP_Jaguar","Jaguar","reel","1","1,087","90","70","0,92"
"CK_Jaguar","Jaguar","reel","1","1,087","90","70","0,92"
"AEXP_CatMunchkin","Munchkin","reel","0,32","0,35","3","2,29","0,91"
"YorkshireTerrier","Yorkshire terrier","reel","0,32","0,35","3","2,29","0,91"
"ERN_Opossum","Opossum de Virginie","reel","0,35","0,385","4","3","0,91"
"StrayDogs_Shikoku","Shikoku","reel","0,6","0,659","20","15,12","0,91"
"Lynx","Lynx boreal","reel","0,6","0,659","20","15,12","0,91"
"Chicken","Poule domestique","reel","0,3","0,329","2,5","1,89","0,91"
"AEXP_Bonobo","Bonobo","reel","0,75","0,83","40","29,53","0,9"
"AEXP_IndianElephant","Elephant d'Asie","reel","3,3","3,684","3500","2515,59","0,9"
"WD_Corgi","Welsh corgi","reel","0,5","0,556","12","8,75","0,9"
"Borzoi","Barzoi","reel","0,75","0,83","40","29,53","0,9"
"SMP_Tortie","Chat ecaille de tortue","reel","0,36","0,401","4,5","3,27","0,9"
"Mastiff","Mastiff anglais","reel","0,9","1","70","51,03","0,9"
"AEXP_Crocodile","Crocodile du Nil","reel","1,6","1,788","400","286,72","0,89"
"StrayDogs_Kishu","Kishu","reel","0,6","0,68","22","15,12","0,88"
"ZEle_BorneoPygmy","Elephant pygmee de Borneo","reel","2,7","3,057","2000","1377,81","0,88"
"SaintBernard","Saint-bernard","reel","0,9","1,023","75","51,03","0,88"
"AA_GreyCoatedMouflon","Mouflon gris","fictif","0,8","0,923","55","35,84","0,87"
"AEXP_Rottweiler","Rottweiler","reel","0,75","0,863","45","29,53","0,87"
"AEXP_Platypus","Ornithorynque","reel","0,25","0,29","1,7","1,09","0,86"
"Ostrich","Autruche","reel","1","1,163","110","70","0,86"
"Duck","Canard colvert","reel","0,3","0,35","3","1,89","0,86"
"SCStandardPoodle","Caniche royal","reel","0,6","0,709","25","15,12","0,85"
"Walrus","Morse","reel","2","2,343","900","560","0,85"
"Cat_Scimitar","Machairodus","eteint","1,3","1,529","250","153,79","0,85"
"CK_Okapi","Okapi","reel","1,3","1,529","250","153,79","0,85"
"AEXP_Pangolin","Pangolin","reel","0,5","0,598","15","8,75","0,84"
"HC_Pangolin","Pangolin","reel","0,5","0,598","15","8,75","0,84"
"MouflonSheep","Mouflon","reel","0,75","0,894","50","29,53","0,84"
"ACPSnowLeopard","Once","reel","0,7","0,83","40","24,01","0,84"
"LeopardTortoise","Tortue leopard","reel","0,5","0,598","15","8,75","0,84"
"Maned_Rat","Rat a criniere","reel","0,18","0,215","0,7","0,41","0,84"
"ERN_Argali","Argali","reel","1","1,197","120","70","0,84"
"SCBorzoi","Barzoi","reel","0,7","0,83","40","24,01","0,84"
"ACPCheetah","Guepard","reel","0,75","0,894","50","29,53","0,84"
"AEXP_CatSiamese","Siamois","reel","0,32","0,385","4","2,29","0,83"
"AEXP_CatSomali","Somali","reel","0,32","0,385","4","2,29","0,83"
"AEXP_CatSphynx","Sphynx","reel","0,32","0,385","4","2,29","0,83"
"AEXP_CatAbyssinian","Abyssin","reel","0,32","0,385","4","2,29","0,83"
"Squirrel","Ecureuil roux","reel","0,16","0,193","0,5","0,29","0,83"
"PrairieDog","Chien de prairie","reel","0,2","0,243","1","0,56","0,82"
"GuineaPig","Cochon d'Inde","reel","0,2","0,243","1","0,56","0,82"
"TimberRattler","Crotale des bois","reel","0,2","0,243","1","0,56","0,82"
"Capybara","Capybara","reel","0,75","0,923","55","29,53","0,81"
"Caribou","Caribou","reel","1","1,229","130","70","0,81"
"AEXP_Hyena","Hyene tachetee","reel","0,76","0,95","60","30,73","0,8"
"SCOldEnglishSheepdog","Bobtail","reel","0,6","0,754","30","15,12","0,8"
"AEXP_CatPersian","Persan","reel","0,32","0,401","4,5","2,29","0,8"
"ZTT_PaintedSnapvine","Tortue-liane","fictif","0,35","0,441","6","3","0,79"
"ACPOtter","Loutre d'Europe","reel","0,4","0,505","9","4,48","0,79"
"SCBorderCollie","Border collie","reel","0,5","0,636","18","8,75","0,79"
"Otter","Loutre d'Europe","reel","0,4","0,505","9","4,48","0,79"
"Racoon_dog","Chien viverrin","reel","0,35","0,441","6","3","0,79"
"Goat","Chevre domestique","reel","0,75","0,95","60","29,53","0,79"
"SeaLion","Otarie de Californie","reel","1,2","1,529","250","120,96","0,79"
"Crow","Corneille noire","reel","0,15","0,193","0,5","0,24","0,78"
"ZTT_GiantStarTortoise","Tortue etoilee geante","fictif","0,65","0,83","40","19,22","0,78"
"Possum","Opossum de Virginie","reel","0,3","0,385","4","1,89","0,78"
"RedRattler","Crotale rouge","fictif","0,2","0,258","1,2","0,56","0,78"
"ACPAmurLeopard","Leopard de l'Amour","reel","0,7","0,894","50","24,01","0,78"
"FancyRat","Rat domestique","reel","0,15","0,193","0,5","0,24","0,78"
"WildBoar","Sanglier","reel","0,85","1,087","90","42,99","0,78"
"ZEle_Kallana","Elephant nain kallana","reel","2,58","3,293","2500","1202,15","0,78"
"ACPMajoreraGoat","Chevre majorera","reel","0,7","0,894","50","24,01","0,78"
"ACPPeccary","Pecari","reel","0,55","0,709","25","11,65","0,78"
"AgoutiHamster","Hamster agouti","reel","0,1","0,129","0,15","0,07","0,78"
"ERN_Valboar","Sanglier","reel","0,85","1,107","95","42,99","0,77"
"JacobsSheep","Mouton de Jacob","reel","0,75","0,976","65","29,53","0,77"
"ACPGreatBustard","Grande outarde","reel","0,4","0,523","10","4,48","0,77"
"SCWelshCorgi","Welsh corgi","reel","0,42","0,556","12","5,19","0,76"
"Tortoise","Tortue d'Hermann","reel","0,5","0,659","20","8,75","0,76"
"AEXP_Lemur","Lemur catta","reel","0,25","0,329","2,5","1,09","0,76"
"RG_SabertoothTiger","Smilodon","eteint","1,2","1,587","280","120,96","0,76"
"AEXP_CatBritishShorthair","British shorthair","reel","0,32","0,428","5,5","2,29","0,75"
"AwassiSheep","Mouton awassi","reel","0,75","1","70","29,53","0,75"
"RG_Dodo","Dodo","eteint","0,45","0,598","15","6,38","0,75"
"MerinoSheep","Merinos","reel","0,75","1","70","29,53","0,75"
"ACPMunchkinCat","Munchkin","reel","0,26","0,35","3","1,23","0,74"
"Seal","Phoque commun","reel","0,8","1,087","90","35,84","0,74"
"AEXP_CatBengal","Bengal","reel","0,32","0,441","6","2,29","0,73"
"AEXP_Shih-Tzu","Shih tzu","reel","0,32","0,441","6","2,29","0,73"
"Monkey","Macaque rhesus","reel","0,35","0,485","8","3","0,72"
"CK_SpiderMonkey","Singe-araignee","reel","0,35","0,485","8","3","0,72"
"AEXP_FrenchBulldog","Bouledogue francais","reel","0,4","0,556","12","4,48","0,72"
"ERN_Redpanda","Panda roux","reel","0,3","0,415","5","1,89","0,72"
"WelshCorgi","Welsh corgi","reel","0,4","0,556","12","4,48","0,72"
"AEXP_Corgi","Welsh corgi","reel","0,4","0,556","12","4,48","0,72"
"Emu","Emeu","reel","0,6","0,83","40","15,12","0,72"
"ACPFishercat","Pekan","reel","0,3","0,415","5","1,89","0,72"
"Crows_DustBunny","Lapin des poussieres","fictif","0,2","0,278","1,5","0,56","0,72"
"AssafSheep","Mouton assaf","reel","0,75","1,046","80","29,53","0,72"
"ACPKiwi","Kiwi austral","reel","0,25","0,35","3","1,09","0,71"
"Cassowary","Casoar a casque","reel","0,6","0,863","45","15,12","0,7"
"SCChowchow","Chow-chow","reel","0,5","0,709","25","8,75","0,7"
"StrayDogs_SwedishVallhund","Vallhund suedois","reel","0,4","0,571","13","4,48","0,7"
"CockerSpaniel","Cocker spaniel","reel","0,4","0,571","13","4,48","0,7"
"SuffolkSheep","Suffolk","reel","0,75","1,087","90","29,53","0,69"
"SCBullTerrier","Bull terrier","reel","0,5","0,728","27","8,75","0,69"
"BorderLeicesterSheep","Leicester","reel","0,75","1,087","90","29,53","0,69"
"BighornSheep","Mouflon canadien","reel","0,75","1,087","90","29,53","0,69"
"CK_WhiteTiger","Tigre blanc","reel","1","1,465","220","70","0,68"
"Bushdog","Chien des buissons","reel","0,3","0,441","6","1,89","0,68"
"CK_Tiger","Tigre","reel","1","1,465","220","70","0,68"
"aka_Tanuki","Tanuki","reel","0,3","0,441","6","1,89","0,68"
"VAERoy_RoyalTiger","Tigre royal","reel","1","1,487","230","70","0,67"
"AEXP_RedPanda","Panda roux","reel","0,28","0,415","5","1,54","0,67"
"SCGreyhound","Levrier greyhound","reel","0,5","0,754","30","8,75","0,66"
"SCGoldenRetriever","Golden retriever","reel","0,5","0,754","30","8,75","0,66"
"ZGF_Boommarten","Martre explosive","fictif","0,2","0,306","2","0,56","0,65"
"ACPDomesticRabbit","Lapin domestique","reel","0,2","0,306","2","0,56","0,65"
"LincolnSheep","Mouton de Lincoln","reel","0,75","1,163","110","29,53","0,65"
"CCPChocolateBun","Lapin chocolat","fictif","0,2","0,306","2","0,56","0,65"
"AEXP_Rattlesnake","Crotale diamantin","reel","0,25","0,385","4","1,09","0,65"
"Porcupine","Porc-epic","reel","0,35","0,556","12","3","0,63"
"StrayDogs_Kai","Kai","reel","0,4","0,636","18","4,48","0,63"
"ERN_DachshundWirehair","Teckel poil dur","reel","0,32","0,505","9","2,29","0,63"
"ERN_DachshundLonghair","Teckel poil long","reel","0,32","0,505","9","2,29","0,63"
"ERN_DachshundShorthair","Teckel poil ras","reel","0,32","0,505","9","2,29","0,63"
"Alphabeaver","Castor","fictif","0,45","0,709","25","6,38","0,63"
"ZDuck_Ducky","Caneton","fictif","0,15","0,243","1","0,24","0,62"
"AEXP_Pug","Carlin","reel","0,3","0,485","8","1,89","0,62"
"ACPSilkspider","Araignee a soie","fictif","0,15","0,243","1","0,24","0,62"
"WD_Pug","Carlin","reel","0,3","0,485","8","1,89","0,62"
"Shetland_pony","Poney shetland","reel","0,84","1,37","180","41,49","0,61"
"ACPTapir","Tapir du Bresil","reel","0,9","1,487","230","51,03","0,61"
"SCMiniatureDachshund","Teckel nain","reel","0,25","0,415","5","1,09","0,6"
"ACPRedPanda","Panda roux","reel","0,25","0,415","5","1,09","0,6"
"king_penguin","Manchot royal","reel","0,35","0,585","14","3","0,6"
"Rat","Rat brun","reel","0,1","0,171","0,35","0,07","0,58"
"ACPJackalope","Jackalope","fictif","0,2","0,35","3","0,56","0,57"
"Megascarab","Megascarabee","fictif","0,2","0,35","3","0,56","0,57"
"VAERoy_AngoraRabbit","Lapin angora","reel","0,2","0,35","3","0,56","0,57"
"Snowhare","Lievre variable","reel","0,2","0,35","3","0,56","0,57"
"ACPAngoraRabbit","Lapin angora","reel","0,2","0,35","3","0,56","0,57"
"AEXP_Tapir","Tapir du Bresil","reel","0,85","1,487","230","42,99","0,57"
"Cobra","Cobra royal","reel","0,25","0,441","6","1,09","0,57"
"AEXP_Beagle","Beagle","reel","0,3","0,54","11","1,89","0,56"
"StrayDogs_Hokkaido","Hokkaido","reel","0,4","0,709","25","4,48","0,56"
"Zebra","Zebre des plaines","reel","0,9","1,624","300","51,03","0,55"
"Cloud_Rat","Rat-nuage de Luzon","reel","0,18","0,329","2,5","0,41","0,55"
"CK_Tapir","Tapir du Bresil","reel","0,8","1,487","230","35,84","0,54"
"SeaOtter","Loutre de mer","reel","0,4","0,754","30","4,48","0,53"
"ERN_Armadillo","Tatou a neuf bandes","reel","0,2","0,385","4","0,56","0,52"
"SCPug","Carlin","reel","0,25","0,485","8","1,09","0,52"
"CK_ArcticHare","Lievre arctique","reel","0,2","0,401","4,5","0,56","0,5"
"IndianGiantSquirrel","Ecureuil geant de Malabar","reel","0,15","0,306","2","0,24","0,49"
"AEXP_Chihuahua","Chihuahua","reel","0,15","0,329","2,5","0,24","0,46"
"AEXP_Beaver","Castor","reel","0,3","0,659","20","1,89","0,46"
"AEXP_Koala","Koala","reel","0,25","0,556","12","1,09","0,45"
"Nutria","Ragondin","reel","0,2","0,464","7","0,56","0,43"
"AEXP_Megascorpion","Megascorpion","fictif","0,2","0,485","8","0,56","0,41"
"VAERoy_Megachicken","Poule geante","fictif","0,3","0,754","30","1,89","0,4"
"SeaTurtle","Tortue verte","reel","0,5","1,289","150","8,75","0,39"
"SCSchnauzer","Schnauzer standard","reel","0,25","0,659","20","1,09","0,38"
"EuropeanBadger","Blaireau europeen","reel","0,2","0,556","12","0,56","0,36"
"Ghostie_BabySeal","Bebe phoque","reel","0,2","0,709","25","0,56","0,28"
