"defName","comp","ressource","source"
"ACPBlackbear","faim","RawBerries","AnimalCollabProj"
"ACPDuckBilledPlatypus","faim","AEXP_RawFish","AnimalCollabProj"
"ACPFishercat","faim","AEXP_RawFish","AnimalCollabProj"
"ACPKiwi","faim","Meat_Megaspider","AnimalCollabProj"
"ACPOtter","faim","AEXP_RawFish","AnimalCollabProj"
"ACPPanda","faim","Bamboo","AnimalCollabProj"
"ACPPeccary","faim","RawFungus","AnimalCollabProj"
"ACPPenguin","faim","AEXP_RawFish","AnimalCollabProj"
"ACPRedPanda","faim","Bamboo","AnimalCollabProj"
"ACPSilkieChicken","faim","Meat_Megaspider","AnimalCollabProj"
"ACPSpottedSeal","faim","AEXP_RawFish","AnimalCollabProj"
"ACPWalrus","faim","AEXP_RawFish","AnimalCollabProj"
"AEXP_Alligator","faim","AEXP_RawFish","VAETropicalSwamp"
"AEXP_ArcticCoyote","faim","BoneItem","VAEBorealForest"
"AEXP_BlackBear","faim","RawBerries","VAEBorealForest"
"AEXP_Coyote","faim","BoneItem","VAEAridShrubland"
"AEXP_Crocodile","faim","AEXP_RawFish","VAEAridShrubland"
"AEXP_Hedgehog","faim","Meat_Megaspider","VAETemperateForest"
"AEXP_Hyena","faim","BoneItem","VAEDesert"
"AEXP_MegaWolverine","faim","BoneItem","VAETundra"
"AEXP_Otter","faim","AEXP_RawFish","VAEBorealForest"
"AEXP_Panda","faim","Bamboo","VAEEndangered"
"AEXP_Platypus","faim","Meat_Megaspider","VAEAustralia"
"AEXP_Rattlesnake","faim","Meat_Rat","VAEExtremeDesert"
"AEXP_RedPanda","faim","Bamboo","VAETemperateForest"
"AEXP_TasmanianDevil","faim","BoneItem","VAEEndangered"
"Adder","faim","Meat_Rat","InfectiousCreatures"
"Allosaurus","faim","BoneItem","Dinosauria"
"Armadillo","faim","Meat_Megaspider","ErinsCritterCollection"
"Badger","faim","Meat_Megaspider","LegacyArk"
"Badger_Westerado","faim","Meat_Megaspider","Westerado"
"BarrelBoar","faim","RawFungus","BeastsoftheRim"
"Baryonyx","faim","AEXP_RawFish","Dinosauria"
"Bear_BlackBear_Westerado","faim","RawBerries","Westerado"
"BerkshirePig","periodique","RawFungus","LegacyArk"
"BlackDesertCobra","faim","Meat_Rat","InfectiousCreatures"
"CK_Junglefowl","faim","Meat_Megaspider","Tropickapp"
"CK_Panda","faim","Bamboo","Tropickapp"
"Carnotaurus","faim","BoneItem","Dinosauria"
"Chicken","periodique","Meat_Megaspider","Vanilla Animals"
"Compsognathus","faim","Meat_Megaspider","Dinosauria"
"Copperhead","faim","Meat_Rat","LegacyArk"
"CoralSnake","faim","Meat_Rat","LegacyArk"
"Cottonmouth","faim","Meat_Rat","LegacyArk"
"Coyote_Westerado","faim","BoneItem","Westerado"
"Daeodon","faim","RawFungus","Megafauna"
"DairyPig","periodique","RawFungus","LegacyArk"
"DankPyon_Hyena","faim","BoneItem","MedievalOverhaul"
"Deinocheirus","faim","AEXP_RawFish","Dinosauria"
"Dinocrocuta","faim","BoneItem","Megafauna"
"DurocPig","periodique","RawFungus","LegacyArk"
"ERN_Ferret","faim","Meat_Rat","ErinsFriendlyFerrets"
"ERN_Opossum","faim","BoneItem","OpossumFriends"
"Enhydriodon","faim","AEXP_RawFish","Megafauna"
"Fisher","faim","AEXP_RawFish","ErinsCritterCollection"
"GloucestershirePig","periodique","RawFungus","LegacyArk"
"Gomphotaria","faim","AEXP_RawFish","Megafauna"
"GreenSnake","faim","Meat_Megaspider","LegacyArk"
"HC_Alligator","faim","AEXP_RawFish","HCAnimal4"
"HC_Anacondas","faim","AEXP_RawFish","HCAnimal2"
"HC_Crocodale","faim","AEXP_RawFish","HCAnimal4"
"HC_Hyena","faim","BoneItem","HCAnimal3"
"Hedgehog","faim","Meat_Megaspider","ErinsCritterCollection"
"JRWAlbertosaurus","faim","BoneItem","JurassicRimworld"
"JRWAllosaurus","faim","BoneItem","JurassicRimworld"
"JRWArchaeopteryx","faim","Meat_Megaspider","JurassicRimworld"
"JRWBaryonyx","faim","AEXP_RawFish","JurassicRimworld"
"JRWBecklespinax","faim","BoneItem","JurassicRimworld"
"JRWBeelzebufo","faim","Meat_Megaspider","JurassicRimworld"
"JRWCarnotaurus","faim","BoneItem","JurassicRimworld"
"JRWCeratosaurus","faim","BoneItem","JurassicRimworld"
"JRWCompsognathus","faim","Meat_Megaspider","JurassicRimworld"
"JRWDeinosuchus","faim","AEXP_RawFish","JurassicRimworld"
"JRWDinilysia","faim","Meat_Capybara","JurassicRimworld"
"JRWGeosternbergia","faim","AEXP_RawFish","JurassicRimworld"
"JRWGiganotosaurus","faim","BoneItem","JurassicRimworld"
"JRWGigantophis","faim","Meat_Capybara","JurassicRimworld"
"JRWHylonomus","faim","Meat_Megaspider","JurassicRimworld"
"JRWHynerpeton","faim","Meat_Megaspider","JurassicRimworld"
"JRWMetriacanthosaurus","faim","BoneItem","JurassicRimworld"
"JRWNyctosaurus","faim","AEXP_RawFish","JurassicRimworld"
"JRWPlatyhystrix","faim","Meat_Megaspider","JurassicRimworld"
"JRWPteranodon","faim","AEXP_RawFish","JurassicRimworld"
"JRWQuetzalcoatlus","faim","BoneItem","JurassicRimworld"
"JRWRajasaurus","faim","BoneItem","JurassicRimworld"
"JRWRhamphorhynchus","faim","Meat_Megaspider","JurassicRimworld"
"JRWSarcosuchus","faim","AEXP_RawFish","JurassicRimworld"
"JRWSpinosaurus","faim","AEXP_RawFish","JurassicRimworld"
"JRWTanystropheus","faim","AEXP_RawFish","JurassicRimworld"
"JRWTupandactylus","faim","AEXP_RawFish","JurassicRimworld"
"JRWTyrannosaurus","faim","BoneItem","JurassicRimworld"
"JRWWonambi","faim","Meat_Capybara","JurassicRimworld"
"JRWYangchuanosaurus","faim","BoneItem","JurassicRimworld"
"JRWYurlunggur","faim","Meat_Capybara","JurassicRimworld"
"JRWYutyrannus","faim","BoneItem","JurassicRimworld"
"LotRD_GiantBoarRace","faim","RawFungus","LotRDwarves"
"Megabear","faim","RawBerries","WeaponizedHusbandry"
"MudSnake","faim","AEXP_RawFish","LegacyArk"
"Palaeeudyptes","faim","AEXP_RawFish","Megafauna"
"Pteranodon","faim","AEXP_RawFish","Dinosauria"
"Quetzalcoatlus","faim","BoneItem","Dinosauria"
"Rattlesnake_Westerado","faim","Meat_Rat","Westerado"
"Raven","faim","BoneItem","BIRDUPRaven"
"RedRattler","faim","Meat_Rat","LegacyArk"
"Redpanda","faim","Bamboo","ForestCritters"
"SaddlebackPig","periodique","RawFungus","LegacyArk"
"ScarletKingSnake","faim","Meat_Rat","LegacyArk"
"ShortfacedBear","faim","RawBerries","Megafauna"
"Spinosaurus","faim","AEXP_RawFish","Dinosauria"
"SpottedHyena","faim","BoneItem","Hyena"
"StripedHyena","faim","BoneItem","Hyena"
"SuperHog","faim","RawFungus","BeastsoftheRim"
"TBC_Possum","faim","BoneItem","AmericanPossum"
"TasmanianDevil","faim","BoneItem","TasmanianDevils"
"TimberRattler","faim","Meat_Rat","LegacyArk"
"Titanoboa","faim","Meat_Josephoartigasia","Megafauna"
"TyrannosaurusRex","faim","BoneItem","Dinosauria"
"VAECaves_CaveBear","faim","RawBerries","VanillaAnimalsExpandedCaves"
"Vulture","faim","BoneItem","BIRDUPVulture"
"Warg","faim","BoneItem","Vanilla"
"WoolyPig","periodique","RawFungus","LegacyArk"
"YellowViper","faim","Meat_Rat","LegacyArk"
"Yutyrannus","faim","BoneItem","Dinosauria"
