"defName","espece","masse_kg","categorie","clade"
"ACPAmurLeopard","Leopard de l'Amour","50","reel","mammifere"
"ACPAngoraRabbit","Lapin angora","3","reel","mammifere"
"ACPBlackbear","Ours noir","150","reel","mammifere"
"ACPBlackRhinoceros","Rhinoceros noir","1200","reel","mammifere"
"ACPCheetah","Guepard","50","reel","mammifere"
"ACPChipmunk","Tamia raye","0.1","reel","mammifere"
"ACPDomesticRabbit","Lapin domestique","2","reel","mammifere"
"ACPDuckBilledPlatypus","Ornithorynque","1.7","reel","monotreme"
"ACPErmine","Hermine","0.25","reel","mammifere"
"ACPFerret","Furet","1","reel","mammifere"
"ACPFishercat","Pekan","5","reel","mammifere"
"ACPGiraffe","Girafe","1200","reel","mammifere"
"ACPGreatBustard","Grande outarde","10","reel","galliforme"
"ACPHedgehog","Herisson","0.8","reel","mammifere"
"ACPHoneyBadger","Ratel","10","reel","mammifere"
"ACPKiwi","Kiwi austral","3","reel","ratite"
"ACPLion","Lion","190","reel","mammifere"
"ACPLlama","Lama","140","reel","mammifere"
"ACPMajoreraGoat","Chevre majorera","50","reel","mammifere"
"ACPMunchkinCat","Munchkin","3","reel","mammifere"
"ACPOtter","Loutre d'Europe","9","reel","mammifere"
"ACPPeccary","Pecari","25","reel","mammifere"
"ACPPtarmigan","Lagopede","0.5","reel","galliforme"
"ACPRedPanda","Panda roux","5","reel","mammifere"
"ACPSilkieChicken","Poule soie","1.2","reel","galliforme"
"ACPSnowLeopard","Once","40","reel","mammifere"
"ACPTapir","Tapir du Bresil","230","reel","mammifere"
"ACPThornyDevil","Diable cornu","0.05","reel","squamate"
"ACPWildDog","Chien sauvage","20","reel","mammifere"
"ACPWoolyRhino","Rhinoceros laineux","2000","eteint","mammifere"
"ACPXGecko","Gecko","0.06","reel","squamate"
"Addax","Addax","90","reel","mammifere"
"AEXP_AfricanWildDog","Lycaon","25","reel","mammifere"
"AEXP_Anaconda","Anaconda vert","70","reel","squamate"
"AEXP_ArcticCoyote","Coyote arctique","15","reel","mammifere"
"AEXP_Beagle","Beagle","11","reel","mammifere"
"AEXP_Beaver","Castor","20","reel","mammifere"
"AEXP_BlackBear","Ours noir","150","reel","mammifere"
"AEXP_BlackFootedFerret","Putois a pieds noirs","1","reel","mammifere"
"AEXP_BlackRhino","Rhinoceros noir","1200","reel","mammifere"
"AEXP_Bonobo","Bonobo","40","reel","primate"
"AEXP_Boombat","Roussette","1.2","reel","chiroptere"
"AEXP_Camel","Chameau de Bactriane","600","reel","mammifere"
"AEXP_CatAbyssinian","Abyssin","4","reel","mammifere"
"AEXP_CatBengal","Bengal","6","reel","mammifere"
"AEXP_CatBritishShorthair","British shorthair","5.5","reel","mammifere"
"AEXP_CatMaineCoon","Maine coon","8","reel","mammifere"
"AEXP_CatMunchkin","Munchkin","3","reel","mammifere"
"AEXP_CatNorwegianForest","Norvegien","6.5","reel","mammifere"
"AEXP_CatPersian","Persan","4.5","reel","mammifere"
"AEXP_CatSiamese","Siamois","4","reel","mammifere"
"AEXP_CatSomali","Somali","4","reel","mammifere"
"AEXP_CatSphynx","Sphynx","4","reel","mammifere"
"AEXP_Cheetah","Guepard","50","reel","mammifere"
"AEXP_Chihuahua","Chihuahua","2.5","reel","mammifere"
"AEXP_Corgi","Welsh corgi","12","reel","mammifere"
"AEXP_Coyote","Coyote","13","reel","mammifere"
"AEXP_Crocodile","Crocodile du Nil","400","reel","crocodilien"
"AEXP_DesertTortoise","Tortue du desert","5","reel","tortue"
"AEXP_FrenchBulldog","Bouledogue francais","12","reel","mammifere"
"AEXP_GermanShepherd","Berger allemand","35","reel","mammifere"
"AEXP_GilaMonster","Monstre de Gila","0.7","reel","squamate"
"AEXP_Giraffe","Girafe","1200","reel","mammifere"
"AEXP_GreatDane","Dogue allemand","65","reel","mammifere"
"AEXP_Hedgehog","Herisson","0.8","reel","mammifere"
"AEXP_Hyena","Hyene tachetee","60","reel","mammifere"
"AEXP_IndianElephant","Elephant d'Asie","3500","reel","mammifere"
"AEXP_Jaguar","Jaguar","90","reel","mammifere"
"AEXP_Kangaroo","Kangourou roux","60","reel","marsupial"
"AEXP_Koala","Koala","12","reel","marsupial"
"AEXP_Lemur","Lemur catta","2.5","reel","primate"
"AEXP_Lion","Lion","190","reel","mammifere"
"AEXP_Mandrill","Mandrill","25","reel","primate"
"AEXP_Moa","Moa","230","eteint","ratite"
"AEXP_Pangolin","Pangolin","15","reel","mammifere"
"AEXP_Platypus","Ornithorynque","1.7","reel","monotreme"
"AEXP_Poodle","Caniche royal","25","reel","mammifere"
"AEXP_Pug","Carlin","8","reel","mammifere"
"AEXP_Quagga","Quagga","280","eteint","mammifere"
"AEXP_Rattlesnake","Crotale diamantin","4","reel","squamate"
"AEXP_RedPanda","Panda roux","5","reel","mammifere"
"AEXP_RockhopperPenguin","Gorfou sauteur","2.7","reel","oiseau"
"AEXP_Rottweiler","Rottweiler","45","reel","mammifere"
"AEXP_Shih-Tzu","Shih tzu","6","reel","mammifere"
"AEXP_Tapir","Tapir du Bresil","230","reel","mammifere"
"AEXP_TasmanianDevil","Diable de Tasmanie","8","reel","marsupial"
"AEXP_Thylacine","Thylacine","25","eteint","marsupial"
"AEXP_WelshTerrier","Welsh terrier","9","reel","mammifere"
"AEXP_Wildebeest","Gnou bleu","220","reel","mammifere"
"AEXP_WildGoose","Oie sauvage","4","reel","oiseau"
"AEXP_Zebra","Zebre des plaines","300","reel","mammifere"
"AgoutiHamster","Hamster agouti","0.15","reel","mammifere"
"aka_Tanuki","Tanuki","6","reel","mammifere"
"akaNEKO_A_Shorthair","Chat americain a poil court","5","reel","mammifere"
"akaNEKO_J_Bobtail","Bobtail japonais","4","reel","mammifere"
"akaNEKO_kijitora","Chat tigre","4.5","reel","mammifere"
"akaNEKO_kuroneko","Chat noir","4.5","reel","mammifere"
"akaNEKO_Maine_Coon","Maine coon","8","reel","mammifere"
"akaNEKO_N_Forest_Cat","Norvegien","6.5","reel","mammifere"
"akaNEKO_Persian","Persan","4.5","reel","mammifere"
"akaNEKO_Russian_Blue","Bleu russe","4.5","reel","mammifere"
"akaNEKO_Scottish_Fold","Scottish fold","4","reel","mammifere"
"akaNEKO_Scottish_Fold_Long","Scottish fold poil long","4","reel","mammifere"
"akaNEKO_shironeko","Chat blanc","4.5","reel","mammifere"
"akaNEKO_Siamese","Siamois","4","reel","mammifere"
"AkhalTeke_horse","Akhal-teke","450","reel","mammifere"
"Alligator","Alligator d'Amerique","300","reel","crocodilien"
"Alpaca","Alpaga","65","reel","mammifere"
"AngusCow","Vache angus","750","reel","mammifere"
"AnkoleWatusiCow","Ankole-watusi","600","reel","mammifere"
"Appaloosa_horse","Appaloosa","500","reel","mammifere"
"Arabian_horse","Arabe","450","reel","mammifere"
"Armadillo","Tatou a neuf bandes","4","reel","mammifere"
"AssafSheep","Mouton assaf","80","reel","mammifere"
"AwassiSheep","Mouton awassi","70","reel","mammifere"
"Badger","Blaireau americain","8","reel","mammifere"
"BB_BarnOwl","Effraie des clochers","0.35","reel","rapace"
"BB_Cockatoo","Cacatoes","0.9","reel","psittacide"
"BB_EagleOwl","Grand-duc d'Europe","2.7","reel","rapace"
"BB_Hornbill","Calao","1.5","reel","passereau"
"BB_Kestrel","Faucon crecerelle","0.2","reel","rapace"
"BB_Parrot","Perroquet gris","0.42","reel","psittacide"
"BB_ParrotB","Perroquet","0.42","reel","psittacide"
"BB_Toucan","Toucan toco","0.6","reel","passereau"
"Bear_Grizzly","Ours brun","300","reel","mammifere"
"Bear_Polar","Ours polaire","450","reel","mammifere"
"Belgian_Malinois","Malinois","28","reel","mammifere"
"BerkshirePig","Cochon berkshire","140","reel","mammifere"
"BighornSheep","Mouflon canadien","90","reel","mammifere"
"Bison","Bison d'Amerique","700","reel","mammifere"
"BlackBear","Ours noir","150","reel","mammifere"
"BlackCappedConure","Conure a tete noire","0.08","reel","psittacide"
"Bluebird","Merlebleu","0.03","reel","passereau"
"BlueJay","Geai bleu","0.085","reel","passereau"
"Bongo","Bongo","300","reel","mammifere"
"BorderLeicesterSheep","Leicester","90","reel","mammifere"
"Borzoi","Barzoi","40","reel","mammifere"
"BrahmanCow","Vache brahmane","700","reel","mammifere"
"BravaCow","Brava","500","reel","mammifere"
"BrownLabradorRetriever","Labrador chocolat","30","reel","mammifere"
"BrownSwissCow","Brune des Alpes","700","reel","mammifere"
"BrushTurkey","Talegalle","2.3","reel","galliforme"
"BU_Budgerigar","Perruche ondulee","0.035","reel","psittacide"
"BU_Cockatiel","Calopsitte","0.09","reel","psittacide"
"BU_MacawBlueYellow","Ara bleu et jaune","1.1","reel","psittacide"
"BU_MacawCatalina","Ara catalina","1.1","reel","psittacide"
"BU_MacawHarlequin","Ara arlequin","1.1","reel","psittacide"
"BU_MacawMilitary","Ara militaire","0.9","reel","psittacide"
"BU_MacawScarlet","Ara rouge","1","reel","psittacide"
"BU_MacawShamrock","Ara shamrock","1","reel","psittacide"
"BU_PeregrineFalcon","Faucon pelerin","0.9","reel","rapace"
"BU_Raven","Grand corbeau","1.2","reel","passereau"
"BU_RedwingedBlackbird","Carouge a epaulettes","0.06","reel","passereau"
"BU_Vulture","Vautour fauve","8","reel","rapace"
"Bullfrog","Ouaouaron","0.5","reel","amphibien"
"Bushdog","Chien des buissons","6","reel","mammifere"
"Capybara","Capybara","55","reel","mammifere"
"Cardinal","Cardinal rouge","0.045","reel","passereau"
"Caribou","Caribou","130","reel","mammifere"
"Cassowary","Casoar a casque","45","reel","ratite"
"Cat","Chat domestique","4.5","reel","mammifere"
"Cat_Scimitar","Machairodus","250","eteint","mammifere"
"Chicken","Poule domestique","2.5","reel","galliforme"
"Chinchilla","Chinchilla","0.6","reel","mammifere"
"CinnamonGroundDove","Colombe cannelle","0.12","reel","oiseau"
"CK_ArcticHare","Lievre arctique","4.5","reel","mammifere"
"CK_CapuchinMonkey","Capucin","3.5","reel","primate"
"CK_Gorilla","Gorille des plaines","160","reel","primate"
"CK_Jaguar","Jaguar","90","reel","mammifere"
"CK_Junglefowl","Coq bankiva","1.1","reel","galliforme"
"CK_KomodoDragon","Dragon de Komodo","80","reel","squamate"
"CK_Okapi","Okapi","250","reel","mammifere"
"CK_Panda","Panda geant","110","reel","mammifere"
"CK_Peafowl","Paon bleu","4.5","reel","galliforme"
"CK_Python","Python reticule","60","reel","squamate"
"CK_SnowLeopard","Once","40","reel","mammifere"
"CK_SpiderMonkey","Singe-araignee","8","reel","primate"
"CK_SquirrelMonkey","Saimiri","0.9","reel","primate"
"CK_Tapir","Tapir du Bresil","230","reel","mammifere"
"CK_Tiger","Tigre","220","reel","mammifere"
"CK_WhiteTiger","Tigre blanc","220","reel","mammifere"
"Cloud_Rat","Rat-nuage de Luzon","2.5","reel","mammifere"
"Cobra","Cobra royal","6","reel","squamate"
"CockerSpaniel","Cocker spaniel","13","reel","mammifere"
"Connemara_horse","Connemara","380","reel","mammifere"
"Copperhead","Mocassin cuivre","0.35","reel","squamate"
"CoralSnake","Serpent corail","0.1","reel","squamate"
"Cormorant","Grand cormoran","2.5","reel","oiseau"
"Cottonmouth","Mocassin d'eau","0.6","reel","squamate"
"Cougar","Puma","60","reel","mammifere"
"Cow","Vache domestique","700","reel","mammifere"
"CrimsonBelliedConure","Conure a ventre rouge","0.075","reel","psittacide"
"Crow","Corneille noire","0.5","reel","passereau"
"Deer","Cerf de Virginie","80","reel","mammifere"
"Dhole","Dhole","15","reel","mammifere"
"DiamondDove","Colombe diamant","0.04","reel","oiseau"
"Dingo","Dingo","15","reel","mammifere"
"Donkey","Ane domestique","180","reel","mammifere"
"Dromedary","Dromadaire","500","reel","mammifere"
"dtf_angorarabbit","Lapin angora","3","reel","mammifere"
"Duck","Canard colvert","3","reel","oiseau"
"DurocPig","Cochon duroc","150","reel","mammifere"
"Egret","Aigrette garzette","0.55","reel","oiseau"
"Elephant","Elephant d'Afrique","4000","reel","mammifere"
"Elk","Wapiti","320","reel","mammifere"
"emperor_penguin","Manchot empereur","30","reel","oiseau"
"Emu","Emeu","40","reel","ratite"
"ERN_Argali","Argali","120","reel","mammifere"
"ERN_Armadillo","Tatou a neuf bandes","4","reel","mammifere"
"ERN_DachshundLonghair","Teckel poil long","9","reel","mammifere"
"ERN_DachshundShorthair","Teckel poil ras","9","reel","mammifere"
"ERN_DachshundWirehair","Teckel poil dur","9","reel","mammifere"
"ERN_Ferret","Furet","1","reel","mammifere"
"ERN_Gartersnake","Couleuvre rayee","0.15","reel","squamate"
"ERN_Greyfox","Renard gris","4.5","reel","mammifere"
"ERN_Hedgehog","Herisson","0.8","reel","mammifere"
"ERN_Mink","Vison d'Amerique","1.2","reel","mammifere"
"ERN_MountainDog","Bouvier bernois","50","reel","mammifere"
"ERN_Opossum","Opossum de Virginie","4","reel","marsupial"
"ERN_Palamute","Malamute d'Alaska","38","reel","mammifere"
"ERN_PallasCat","Chat de Pallas","4","reel","mammifere"
"ERN_Pika","Pika","0.16","reel","mammifere"
"ERN_ptarmigan","Lagopede","0.5","reel","galliforme"
"ERN_Redpanda","Panda roux","5","reel","mammifere"
"ERN_SnowLeopard","Once","40","reel","mammifere"
"ERN_Valboar","Sanglier","95","reel","mammifere"
"EuropeanBadger","Blaireau europeen","12","reel","mammifere"
"FancyRat","Rat domestique","0.5","reel","mammifere"
"Fjord_horse","Fjord norvegien","400","reel","mammifere"
"Flamingo","Flamant rose","3","reel","oiseau"
"Fox_Arctic","Renard polaire","4","reel","mammifere"
"Fox_Fennec","Fennec","1.3","reel","mammifere"
"Fox_Gray","Renard gris","4.5","reel","mammifere"
"Fox_Kit","Renard nain","2","reel","mammifere"
"Fox_Maikong","Renard des savanes","6","reel","mammifere"
"Fox_Red","Renard roux","6","reel","mammifere"
"Fox_Sand","Renard pale","3","reel","mammifere"
"Fox_Silver","Renard argente","6","reel","mammifere"
"Fox_Tibetan","Renard du Tibet","4.5","reel","mammifere"
"FoxSquirrel","Ecureuil fauve","0.9","reel","mammifere"
"Friesian_horse","Frison","600","reel","mammifere"
"Gazelle","Gazelle de Thomson","25","reel","mammifere"
"Gemsbok","Oryx gazelle","220","reel","mammifere"
"Gerbil","Gerbille","0.07","reel","mammifere"
"GermanShepard","Berger allemand","35","reel","mammifere"
"Ghostie_BabySeal","Bebe phoque","25","reel","mammifere"
"GloucestershirePig","Gloucestershire","130","reel","mammifere"
"Goat","Chevre domestique","60","reel","mammifere"
"GoldenConure","Conure doree","0.25","reel","psittacide"
"GoldenJackal","Chacal dore","10","reel","mammifere"
"GoldenRetriever","Golden retriever","30","reel","mammifere"
"Goldfinch","Chardonneret","0.016","reel","passereau"
"Goose","Oie cendree","5","reel","oiseau"
"Gorilla","Gorille des plaines","160","reel","primate"
"GreenPeacock","Paon spicifere","4","reel","galliforme"
"GreenSnake","Couleuvre verte","0.04","reel","squamate"
"Grimstone_NorthernLynx","Lynx boreal","22","reel","mammifere"
"Grimstone_Sheepdog","Chien de berger","25","reel","mammifere"
"GuineaPig","Cochon d'Inde","1","reel","mammifere"
"Gypsy_horse","Gypsy cob","550","reel","mammifere"
"Hamster","Hamster dore","0.15","reel","mammifere"
"Hare","Lievre d'Europe","3.5","reel","mammifere"
"HarianaCow","Hariana","450","reel","mammifere"
"Harvest_Mouse","Rat des moissons","0.007","reel","mammifere"
"HC_Alligatorturtle","Tortue alligator","90","reel","tortue"
"HC_Baboon","Babouin","25","reel","primate"
"HC_Bullfrog","Ouaouaron","0.5","reel","amphibien"
"HC_Galapagostortoise","Tortue des Galapagos","250","reel","tortue"
"HC_KomodoDragon","Dragon de Komodo","80","reel","squamate"
"HC_Leopardgecko","Gecko leopard","0.06","reel","squamate"
"HC_Pangolin","Pangolin","15","reel","mammifere"
"HC_Samoyed","Samoyede","25","reel","mammifere"
"HC_Serval","Serval","12","reel","mammifere"
"HC_Snowleopard","Once","40","reel","mammifere"
"HC_Watermonitor","Varan malais","20","reel","squamate"
"HC_Weasel","Belette","0.2","reel","mammifere"
"HerefordCow","Hereford","800","reel","mammifere"
"HermitCrab","Bernard-l'ermite","0.2","reel","crustace"
"Heron","Heron cendre","1.5","reel","oiseau"
"HighlandCow","Highland","600","reel","mammifere"
"Hippo","Hippopotame","1800","reel","mammifere"
"HolsteinFriesianCow","Holstein","700","reel","mammifere"
"HomingPigeon","Pigeon voyageur","0.4","reel","oiseau"
"Horse","Cheval domestique","500","reel","mammifere"
"HouseFinch","Roselin familier","0.021","reel","passereau"
"Husky","Husky siberien","25","reel","mammifere"
"Ibex","Bouquetin des Alpes","80","reel","mammifere"
"Ibis","Ibis sacre","1.5","reel","oiseau"
"Iguana","Iguane vert","5","reel","squamate"
"IndianGiantSquirrel","Ecureuil geant de Malabar","2","reel","mammifere"
"IrishDraught_horse","Irish draught","600","reel","mammifere"
"IrishHunter_horse","Irish hunter","600","reel","mammifere"
"JacobsSheep","Mouton de Jacob","65","reel","mammifere"
"Jerbal","Gerbille","0.07","reel","mammifere"
"Jerboa","Gerboise","0.06","reel","mammifere"
"JerseyCow","Jersiaise","450","reel","mammifere"
"Kangaroo_Rat","Rat-kangourou","0.12","reel","marsupial"
"KangarooRat","Rat-kangourou","0.12","reel","marsupial"
"king_penguin","Manchot royal","14","reel","oiseau"
"LabradorRetriever","Labrador retriever","30","reel","mammifere"
"LeopardTortoise","Tortue leopard","15","reel","tortue"
"LimousinCow","Limousine","750","reel","mammifere"
"LincolnSheep","Mouton de Lincoln","110","reel","mammifere"
"Ling_Cockroach","Blatte","0.02","reel","insecte"
"Locust","Criquet","0.002","reel","insecte"
"LonghornCow","Longhorn","700","reel","mammifere"
"Lynx","Lynx boreal","20","reel","mammifere"
"Macaw","Ara","1","reel","psittacide"
"Mandrill","Mandrill","25","reel","primate"
"Maned_Rat","Rat a criniere","0.7","reel","mammifere"
"Manedwolf","Loup a criniere","23","reel","mammifere"
"Mastiff","Mastiff anglais","70","reel","mammifere"
"Mastodon","Mastodonte","5000","eteint","mammifere"
"MeatCow","Vache a viande","750","reel","mammifere"
"Meerkat","Suricate","0.8","reel","mammifere"
"MerinoSheep","Merinos","70","reel","mammifere"
"MilkCow","Vache laitiere","700","reel","mammifere"
"Mink","Vison d'Amerique","1.2","reel","mammifere"
"Mole_Rat","Rat-taupe nu","0.035","reel","mammifere"
"MonitorLizard","Varan","15","reel","squamate"
"Monkey","Macaque rhesus","8","reel","primate"
"Moose","Elan","450","reel","mammifere"
"MouflonSheep","Mouflon","50","reel","mammifere"
"MourningDove","Tourterelle triste","0.12","reel","oiseau"
"Mouse","Souris domestique","0.02","reel","mammifere"
"MudSnake","Serpent de boue","0.5","reel","squamate"
"Muskox","Boeuf musque","300","reel","mammifere"
"Muskrat","Rat musque","1.2","reel","mammifere"
"Mustang_horse","Mustang","400","reel","mammifere"
"NandayConure","Conure nanday","0.14","reel","psittacide"
"Neanderthal","Homme de Neandertal","75","eteint","primate"
"Nem_Cockroach","Blatte","0.02","reel","insecte"
"Nem_Mantis","Mante religieuse","0.005","reel","insecte"
"Nem_Mosquito","Moustique","5E-06","reel","insecte"
"Nem_Spider","Araignee","0.003","reel","arachnide"
"Nem_Woodlouse","Cloporte","0.0001","reel","insecte"
"Nutria","Ragondin","7","reel","mammifere"
"Oriole","Oriole","0.034","reel","passereau"
"Ostrich","Autruche","110","reel","ratite"
"Otter","Loutre d'Europe","9","reel","mammifere"
"PackRat","Rat a bourse","0.3","reel","mammifere"
"Paint_horse","Paint horse","500","reel","mammifere"
"Panda","Panda geant","110","reel","mammifere"
"Panther","Panthere noire","60","reel","mammifere"
"Peacock","Paon bleu","4.5","reel","galliforme"
"PearlHamster","Hamster perle","0.15","reel","mammifere"
"Pelican","Pelican blanc","10","reel","oiseau"
"Penguin","Manchot papou","5.5","reel","oiseau"
"Pig","Cochon domestique","150","reel","mammifere"
"Pigeon","Pigeon biset","0.35","reel","oiseau"
"PineappleConure","Conure ananas","0.08","reel","psittacide"
"Plover","Pluvier","0.2","reel","oiseau"
"Porcupine","Porc-epic","12","reel","mammifere"
"Possum","Opossum de Virginie","4","reel","marsupial"
"PrairieDog","Chien de prairie","1","reel","mammifere"
"Przewalski_horse","Cheval de Przewalski","300","reel","mammifere"
"PuddingHamster","Hamster pudding","0.15","reel","mammifere"
"Quail","Caille des bles","0.1","reel","galliforme"
"Quarter_horse","Quarter horse","500","reel","mammifere"
"Raccoon","Raton laveur","7","reel","mammifere"
"Racoon_dog","Chien viverrin","6","reel","mammifere"
"Rat","Rat brun","0.35","reel","mammifere"
"RedFootedTortoise","Tortue charbonniere","7","reel","tortue"
"RG_Dodo","Dodo","15","eteint","ratite"
"RG_Megalenhydris","Megalenhydris","90","eteint","mammifere"
"RG_SabertoothTiger","Smilodon","280","eteint","mammifere"
"RG_TerrorBird","Phorusrhacide","180","eteint","ratite"
"RG_Thrinaxodon","Thrinaxodon","0.5","eteint","squamate"
"RG_Velociraptor","Velociraptor","15","eteint","squamate"
"RG_WoollyMammoth","Mammouth laineux","6000","eteint","mammifere"
"RG_WoollyRhinoceros","Rhinoceros laineux","2000","eteint","mammifere"
"Rhinoceros","Rhinoceros blanc","2200","reel","mammifere"
"RingneckDove","Tourterelle rieuse","0.16","reel","oiseau"
"rtp_BorderCollie","Border collie","18","reel","mammifere"
"rtp_RhodesianRidgeback","Rhodesian ridgeback","38","reel","mammifere"
"SaddlebackPig","Cochon saddleback","140","reel","mammifere"
"SaintBernard","Saint-bernard","75","reel","mammifere"
"Sandpiper","Becasseau","0.05","reel","oiseau"
"SapphirerHamster","Hamster saphir","0.15","reel","mammifere"
"SCAfghanHound","Levrier afghan","27","reel","mammifere"
"ScarletKingSnake","Serpent roi ecarlate","0.06","reel","squamate"
"SCBlackHorse","Cheval noir","500","reel","mammifere"
"SCBorderCollie","Border collie","18","reel","mammifere"
"SCBorzoi","Barzoi","40","reel","mammifere"
"SCBullmastiff","Bullmastiff","55","reel","mammifere"
"SCBullTerrier","Bull terrier","27","reel","mammifere"
"SCCaucasianshepherd","Berger du Caucase","65","reel","mammifere"
"SCChowchow","Chow-chow","25","reel","mammifere"
"SCCollie","Colley","22","reel","mammifere"
"SCDoberman","Doberman","35","reel","mammifere"
"SCGoldenRetriever","Golden retriever","30","reel","mammifere"
"SCGreyhound","Levrier greyhound","30","reel","mammifere"
"SCMiniatureDachshund","Teckel nain","5","reel","mammifere"
"SCNewFoundland","Terre-neuve","65","reel","mammifere"
"SCOldEnglishSheepdog","Bobtail","30","reel","mammifere"
"SCPalomino","Palomino","480","reel","mammifere"
"SCPug","Carlin","8","reel","mammifere"
"SCQuarterHorse","Quarter horse","500","reel","mammifere"
"SCSaintbernard","Saint-bernard","75","reel","mammifere"
"SCSchnauzer","Schnauzer standard","20","reel","mammifere"
"SCStandardPoodle","Caniche royal","25","reel","mammifere"
"SCWelshCorgi","Welsh corgi","12","reel","mammifere"
"SCWhiteHorse","Cheval blanc","500","reel","mammifere"
"Seagull","Goeland argente","1.1","reel","oiseau"
"Seal","Phoque commun","90","reel","mammifere"
"SeaLion","Otarie de Californie","250","reel","mammifere"
"SeaOtter","Loutre de mer","30","reel","mammifere"
"SeaTurtle","Tortue verte","150","reel","tortue"
"Sheep","Mouton domestique","70","reel","mammifere"
"Shetland_pony","Poney shetland","180","reel","mammifere"
"Shire_horse","Shire","900","reel","mammifere"
"SMP_Tortie","Chat ecaille de tortue","4.5","reel","mammifere"
"Snowhare","Lievre variable","3","reel","mammifere"
"Sparrow","Moineau domestique","0.03","reel","passereau"
"Spoonbill","Spatule blanche","1.5","reel","oiseau"
"SpottedHyena","Hyene tachetee","60","reel","mammifere"
"Squirrel","Ecureuil roux","0.5","reel","mammifere"
"StoneCrab","Crabe de pierre","0.4","reel","crustace"
"StrayDogs_AkitaJapanese","Akita inu","40","reel","mammifere"
"StrayDogs_BerneseMountainDog","Bouvier bernois","45","reel","mammifere"
"StrayDogs_Hokkaido","Hokkaido","25","reel","mammifere"
"StrayDogs_Kai","Kai","18","reel","mammifere"
"StrayDogs_Kishu","Kishu","22","reel","mammifere"
"StrayDogs_Shiba","Shiba inu","10","reel","mammifere"
"StrayDogs_Shikoku","Shikoku","20","reel","mammifere"
"StrayDogs_SwedishVallhund","Vallhund suedois","13","reel","mammifere"
"Striped_Mouse","Souris rayee","0.045","reel","mammifere"
"StripedHyena","Hyene rayee","35","reel","mammifere"
"SuffolkSheep","Suffolk","90","reel","mammifere"
"SunConure","Conure soleil","0.11","reel","psittacide"
"Swan","Cygne tubercule","11","reel","oiseau"
"Thoroughbred_horse","Pur-sang anglais","500","reel","mammifere"
"Tiger","Tigre du Bengale","220","reel","mammifere"
"TimberRattler","Crotale des bois","1","reel","squamate"
"Tortoise","Tortue d'Hermann","20","reel","tortue"
"Turkey","Dindon sauvage","8","reel","galliforme"
"TurquoiseConure","Conure turquoise","0.08","reel","psittacide"
"TurtleDove","Tourterelle des bois","0.14","reel","oiseau"
"TVP_ShibaInu","Shiba inu","10","reel","mammifere"
"TYR_CattleEgret","Heron garde-boeufs","0.35","reel","oiseau"
"TYR_Cuckooshrike_BlackWinged","Echenilleur a ailes noires","0.04","reel","passereau"
"TYR_FairyBluebird_Philippine","Irene des Philippines","0.06","reel","passereau"
"TYR_GreatEgret","Grande aigrette","1","reel","oiseau"
"TYR_Hummingbird_BlueTailed","Colibri a queue bleue","0.006","reel","passereau"
"TYR_KangarooRat","Rat-kangourou","0.12","reel","marsupial"
"TYR_Lemming","Lemming","0.07","reel","mammifere"
"TYR_Mouse","Souris domestique","0.02","reel","mammifere"
"TYR_Owl_AfricanGrass","Hibou du Cap","0.4","reel","rapace"
"TYR_Parrot_Caica","Caique a tete noire","0.16","reel","psittacide"
"TYR_ReddishEgret","Aigrette roussatre","0.5","reel","oiseau"
"TYR_SlatyEgret","Aigrette ardoisee","0.34","reel","oiseau"
"TYR_SnowyEgret","Aigrette neigeuse","0.37","reel","oiseau"
"TYR_Triller_WhiteBrowed","Echenilleur a sourcils blancs","0.03","reel","passereau"
"VAERoy_AngoraRabbit","Lapin angora","3","reel","mammifere"
"VAERoy_Crane","Grue cendree","5.5","reel","oiseau"
"VAERoy_Orangutan","Orang-outan","75","reel","primate"
"VAERoy_Pheasant","Faisan de Colchide","1.2","reel","galliforme"
"VAERoy_RoyalTiger","Tigre royal","230","reel","mammifere"
"Vulture","Vautour fauve","8","reel","rapace"
"Walrus","Morse","900","reel","mammifere"
"WaterDeer","Hydropote","13","reel","mammifere"
"WD_Beagle","Beagle","11","reel","mammifere"
"WD_Boxer","Boxer","30","reel","mammifere"
"WD_Corgi","Welsh corgi","12","reel","mammifere"
"WD_Dachshund","Teckel","9","reel","mammifere"
"WD_Dalmatian","Dalmatien","27","reel","mammifere"
"WD_Jackrussell","Jack russell","7","reel","mammifere"
"WD_Pitbull","Pitbull","25","reel","mammifere"
"WD_Pug","Carlin","8","reel","mammifere"
"WD_Sheepdog","Chien de berger","25","reel","mammifere"
"Weasel","Belette","0.2","reel","mammifere"
"WelshCorgi","Welsh corgi","12","reel","mammifere"
"Whitefox","Renard polaire","4","reel","mammifere"
"WildBoar","Sanglier","90","reel","mammifere"
"Wolf_Arctic","Loup arctique","40","reel","mammifere"
"Wolf_Red","Loup roux","25","reel","mammifere"
"Wolf_Timber","Loup gris","45","reel","mammifere"
"Wolverine","Glouton","15","reel","mammifere"
"Yak","Yak domestique","600","reel","mammifere"
"YorkshireTerrier","Yorkshire terrier","3","reel","mammifere"
"ZDuck_ArcticRazorbill","Pingouin torda arctique","0.7","reel","oiseau"
"ZDuck_Bufflehead","Petit garrot","0.45","reel","oiseau"
"ZDuck_Cayuga","Canard cayuga","3.2","reel","oiseau"
"ZDuck_EiderPintail","Eider pilet","2.2","reel","oiseau"
"ZDuck_GreaterMallard","Grand colvert","1.4","reel","oiseau"
"ZDuck_RudderDuck","Erismature","0.55","reel","oiseau"
"Zebra","Zebre des plaines","300","reel","mammifere"
"ZebraFinch","Diamant mandarin","0.012","reel","passereau"
"ZebuCow","Zebu","400","reel","mammifere"
"ZEle_AsianElephant","Elephant d'Asie","3500","reel","mammifere"
"ZEle_BorneoPygmy","Elephant pygmee de Borneo","2000","reel","mammifere"
"ZEle_Kallana","Elephant nain kallana","2500","reel","mammifere"
"ZGF_BeechMart","Fouine","1.7","reel","mammifere"
"ZGF_JapaneseMart","Martre du Japon","1.5","reel","mammifere"
"ZGF_NilgiriMart","Martre des Nilgiri","2.2","reel","mammifere"
"ZGF_PineMart","Martre des pins","1.5","reel","mammifere"
"ZGF_Sable","Zibeline","1.3","reel","mammifere"
"ZGF_YellowMart","Martre a gorge jaune","3","reel","mammifere"
"ZPT_CarolinaParakeet","Conure de Caroline","0.1","eteint","psittacide"
"ZPT_Eclectus","Grand eclectus","0.45","reel","psittacide"
"ZPT_Hyacinth","Ara hyacinthe","1.5","reel","psittacide"
"ZPT_Kea","Nestor kea","0.9","reel","psittacide"
"ZPT_QuakerParrot","Conure veuve","0.1","reel","psittacide"
"ZPT_RingneckedParakeet","Perruche a collier","0.13","reel","psittacide"
"ZPT_SunConure","Conure soleil","0.11","reel","psittacide"
"ZTT_MudTurtle","Tortue de boue","0.5","reel","tortue"
