"defName","espece","masse_kg","categorie"
"ACPAmurLeopard","Leopard de l'Amour","50","reel"
"ACPAngoraRabbit","Lapin angora","3","reel"
"ACPBlackbear","Ours noir","150","reel"
"ACPBlackRhinoceros","Rhinoceros noir","1200","reel"
"ACPCheetah","Guepard","50","reel"
"ACPChipmunk","Tamia raye","0.1","reel"
"ACPDomesticRabbit","Lapin domestique","2","reel"
"ACPDuckBilledPlatypus","Ornithorynque","1.7","reel"
"ACPErmine","Hermine","0.25","reel"
"ACPFerret","Furet","1","reel"
"ACPFishercat","Pekan","5","reel"
"ACPGiraffe","Girafe","1200","reel"
"ACPGreatBustard","Grande outarde","10","reel"
"ACPHedgehog","Herisson","0.8","reel"
"ACPHoneyBadger","Ratel","10","reel"
"ACPKiwi","Kiwi austral","3","reel"
"ACPLion","Lion","190","reel"
"ACPLlama","Lama","140","reel"
"ACPMajoreraGoat","Chevre majorera","50","reel"
"ACPMunchkinCat","Munchkin","3","reel"
"ACPOtter","Loutre d'Europe","9","reel"
"ACPPeccary","Pecari","25","reel"
"ACPPtarmigan","Lagopede","0.5","reel"
"ACPRedPanda","Panda roux","5","reel"
"ACPSilkieChicken","Poule soie","1.2","reel"
"ACPSnowLeopard","Once","40","reel"
"ACPTapir","Tapir du Bresil","230","reel"
"ACPThornyDevil","Diable cornu","0.05","reel"
"ACPWildDog","Chien sauvage","20","reel"
"ACPWoolyRhino","Rhinoceros laineux","2000","eteint"
"ACPXGecko","Gecko","0.06","reel"
"Addax","Addax","90","reel"
"AEXP_AfricanWildDog","Lycaon","25","reel"
"AEXP_Anaconda","Anaconda vert","70","reel"
"AEXP_ArcticCoyote","Coyote arctique","15","reel"
"AEXP_Beagle","Beagle","11","reel"
"AEXP_Beaver","Castor","20","reel"
"AEXP_BlackBear","Ours noir","150","reel"
"AEXP_BlackFootedFerret","Putois a pieds noirs","1","reel"
"AEXP_BlackRhino","Rhinoceros noir","1200","reel"
"AEXP_Bonobo","Bonobo","40","reel"
"AEXP_Boombat","Roussette","1.2","reel"
"AEXP_Camel","Chameau de Bactriane","600","reel"
"AEXP_CatAbyssinian","Abyssin","4","reel"
"AEXP_CatBengal","Bengal","6","reel"
"AEXP_CatBritishShorthair","British shorthair","5.5","reel"
"AEXP_CatMaineCoon","Maine coon","8","reel"
"AEXP_CatMunchkin","Munchkin","3","reel"
"AEXP_CatNorwegianForest","Norvegien","6.5","reel"
"AEXP_CatPersian","Persan","4.5","reel"
"AEXP_CatSiamese","Siamois","4","reel"
"AEXP_CatSomali","Somali","4","reel"
"AEXP_CatSphynx","Sphynx","4","reel"
"AEXP_Cheetah","Guepard","50","reel"
"AEXP_Chihuahua","Chihuahua","2.5","reel"
"AEXP_Corgi","Welsh corgi","12","reel"
"AEXP_Coyote","Coyote","13","reel"
"AEXP_Crocodile","Crocodile du Nil","400","reel"
"AEXP_DesertTortoise","Tortue du desert","5","reel"
"AEXP_FrenchBulldog","Bouledogue francais","12","reel"
"AEXP_GermanShepherd","Berger allemand","35","reel"
"AEXP_GilaMonster","Monstre de Gila","0.7","reel"
"AEXP_Giraffe","Girafe","1200","reel"
"AEXP_GreatDane","Dogue allemand","65","reel"
"AEXP_Hedgehog","Herisson","0.8","reel"
"AEXP_Hyena","Hyene tachetee","60","reel"
"AEXP_IndianElephant","Elephant d'Asie","3500","reel"
"AEXP_Jaguar","Jaguar","90","reel"
"AEXP_Kangaroo","Kangourou roux","60","reel"
"AEXP_Koala","Koala","12","reel"
"AEXP_Lemur","Lemur catta","2.5","reel"
"AEXP_Lion","Lion","190","reel"
"AEXP_Mandrill","Mandrill","25","reel"
"AEXP_Moa","Moa","230","eteint"
"AEXP_Pangolin","Pangolin","15","reel"
"AEXP_Platypus","Ornithorynque","1.7","reel"
"AEXP_Poodle","Caniche royal","25","reel"
"AEXP_Pug","Carlin","8","reel"
"AEXP_Quagga","Quagga","280","eteint"
"AEXP_Rattlesnake","Crotale diamantin","4","reel"
"AEXP_RedPanda","Panda roux","5","reel"
"AEXP_RockhopperPenguin","Gorfou sauteur","2.7","reel"
"AEXP_Rottweiler","Rottweiler","45","reel"
"AEXP_Shih-Tzu","Shih tzu","6","reel"
"AEXP_Tapir","Tapir du Bresil","230","reel"
"AEXP_TasmanianDevil","Diable de Tasmanie","8","reel"
"AEXP_Thylacine","Thylacine","25","eteint"
"AEXP_WelshTerrier","Welsh terrier","9","reel"
"AEXP_Wildebeest","Gnou bleu","220","reel"
"AEXP_WildGoose","Oie sauvage","4","reel"
"AEXP_Zebra","Zebre des plaines","300","reel"
"AgoutiHamster","Hamster agouti","0.15","reel"
"aka_Tanuki","Tanuki","6","reel"
"akaNEKO_A_Shorthair","Chat americain a poil court","5","reel"
"akaNEKO_J_Bobtail","Bobtail japonais","4","reel"
"akaNEKO_kijitora","Chat tigre","4.5","reel"
"akaNEKO_kuroneko","Chat noir","4.5","reel"
"akaNEKO_Maine_Coon","Maine coon","8","reel"
"akaNEKO_N_Forest_Cat","Norvegien","6.5","reel"
"akaNEKO_Persian","Persan","4.5","reel"
"akaNEKO_Russian_Blue","Bleu russe","4.5","reel"
"akaNEKO_Scottish_Fold","Scottish fold","4","reel"
"akaNEKO_Scottish_Fold_Long","Scottish fold poil long","4","reel"
"akaNEKO_shironeko","Chat blanc","4.5","reel"
"akaNEKO_Siamese","Siamois","4","reel"
"AkhalTeke_horse","Akhal-teke","450","reel"
"Alligator","Alligator d'Amerique","300","reel"
"Alpaca","Alpaga","65","reel"
"AngusCow","Vache angus","750","reel"
"AnkoleWatusiCow","Ankole-watusi","600","reel"
"Appaloosa_horse","Appaloosa","500","reel"
"Arabian_horse","Arabe","450","reel"
"Armadillo","Tatou a neuf bandes","4","reel"
"AssafSheep","Mouton assaf","80","reel"
"AwassiSheep","Mouton awassi","70","reel"
"Badger","Blaireau americain","8","reel"
"BB_BarnOwl","Effraie des clochers","0.35","reel"
"BB_Cockatoo","Cacatoes","0.9","reel"
"BB_EagleOwl","Grand-duc d'Europe","2.7","reel"
"BB_Hornbill","Calao","1.5","reel"
"BB_Kestrel","Faucon crecerelle","0.2","reel"
"BB_Parrot","Perroquet gris","0.42","reel"
"BB_ParrotB","Perroquet","0.42","reel"
"BB_Toucan","Toucan toco","0.6","reel"
"Bear_Grizzly","Ours brun","300","reel"
"Bear_Polar","Ours polaire","450","reel"
"Belgian_Malinois","Malinois","28","reel"
"BerkshirePig","Cochon berkshire","140","reel"
"BighornSheep","Mouflon canadien","90","reel"
"Bison","Bison d'Amerique","700","reel"
"BlackBear","Ours noir","150","reel"
"BlackCappedConure","Conure a tete noire","0.08","reel"
"Bluebird","Merlebleu","0.03","reel"
"BlueJay","Geai bleu","0.085","reel"
"Bongo","Bongo","300","reel"
"BorderLeicesterSheep","Leicester","90","reel"
"Borzoi","Barzoi","40","reel"
"BrahmanCow","Vache brahmane","700","reel"
"BravaCow","Brava","500","reel"
"BrownLabradorRetriever","Labrador chocolat","30","reel"
"BrownSwissCow","Brune des Alpes","700","reel"
"BrushTurkey","Talegalle","2.3","reel"
"BU_Budgerigar","Perruche ondulee","0.035","reel"
"BU_Cockatiel","Calopsitte","0.09","reel"
"BU_MacawBlueYellow","Ara bleu et jaune","1.1","reel"
"BU_MacawCatalina","Ara catalina","1.1","reel"
"BU_MacawHarlequin","Ara arlequin","1.1","reel"
"BU_MacawMilitary","Ara militaire","0.9","reel"
"BU_MacawScarlet","Ara rouge","1","reel"
"BU_MacawShamrock","Ara shamrock","1","reel"
"BU_PeregrineFalcon","Faucon pelerin","0.9","reel"
"BU_Raven","Grand corbeau","1.2","reel"
"BU_RedwingedBlackbird","Carouge a epaulettes","0.06","reel"
"BU_Vulture","Vautour fauve","8","reel"
"Bullfrog","Ouaouaron","0.5","reel"
"Bushdog","Chien des buissons","6","reel"
"Capybara","Capybara","55","reel"
"Cardinal","Cardinal rouge","0.045","reel"
"Caribou","Caribou","130","reel"
"Cassowary","Casoar a casque","45","reel"
"Cat","Chat domestique","4.5","reel"
"Cat_Scimitar","Machairodus","250","eteint"
"Chicken","Poule domestique","2.5","reel"
"Chinchilla","Chinchilla","0.6","reel"
"CinnamonGroundDove","Colombe cannelle","0.12","reel"
"CK_ArcticHare","Lievre arctique","4.5","reel"
"CK_CapuchinMonkey","Capucin","3.5","reel"
"CK_Gorilla","Gorille des plaines","160","reel"
"CK_Jaguar","Jaguar","90","reel"
"CK_Junglefowl","Coq bankiva","1.1","reel"
"CK_KomodoDragon","Dragon de Komodo","80","reel"
"CK_Okapi","Okapi","250","reel"
"CK_Panda","Panda geant","110","reel"
"CK_Peafowl","Paon bleu","4.5","reel"
"CK_Python","Python reticule","60","reel"
"CK_SnowLeopard","Once","40","reel"
"CK_SpiderMonkey","Singe-araignee","8","reel"
"CK_SquirrelMonkey","Saimiri","0.9","reel"
"CK_Tapir","Tapir du Bresil","230","reel"
"CK_Tiger","Tigre","220","reel"
"CK_WhiteTiger","Tigre blanc","220","reel"
"Cloud_Rat","Rat-nuage de Luzon","2.5","reel"
"Cobra","Cobra royal","6","reel"
"CockerSpaniel","Cocker spaniel","13","reel"
"Connemara_horse","Connemara","380","reel"
"Copperhead","Mocassin cuivre","0.35","reel"
"CoralSnake","Serpent corail","0.1","reel"
"Cormorant","Grand cormoran","2.5","reel"
"Cottonmouth","Mocassin d'eau","0.6","reel"
"Cougar","Puma","60","reel"
"Cow","Vache domestique","700","reel"
"CrimsonBelliedConure","Conure a ventre rouge","0.075","reel"
"Crow","Corneille noire","0.5","reel"
"Deer","Cerf de Virginie","80","reel"
"Dhole","Dhole","15","reel"
"DiamondDove","Colombe diamant","0.04","reel"
"Dingo","Dingo","15","reel"
"Donkey","Ane domestique","180","reel"
"Dromedary","Dromadaire","500","reel"
"dtf_angorarabbit","Lapin angora","3","reel"
"Duck","Canard colvert","3","reel"
"DurocPig","Cochon duroc","150","reel"
"Egret","Aigrette garzette","0.55","reel"
"Elephant","Elephant d'Afrique","4000","reel"
"Elk","Wapiti","320","reel"
"emperor_penguin","Manchot empereur","30","reel"
"Emu","Emeu","40","reel"
"ERN_Argali","Argali","120","reel"
"ERN_Armadillo","Tatou a neuf bandes","4","reel"
"ERN_DachshundLonghair","Teckel poil long","9","reel"
"ERN_DachshundShorthair","Teckel poil ras","9","reel"
"ERN_DachshundWirehair","Teckel poil dur","9","reel"
"ERN_Ferret","Furet","1","reel"
"ERN_Gartersnake","Couleuvre rayee","0.15","reel"
"ERN_Greyfox","Renard gris","4.5","reel"
"ERN_Hedgehog","Herisson","0.8","reel"
"ERN_Mink","Vison d'Amerique","1.2","reel"
"ERN_MountainDog","Bouvier bernois","50","reel"
"ERN_Opossum","Opossum de Virginie","4","reel"
"ERN_Palamute","Malamute d'Alaska","38","reel"
"ERN_PallasCat","Chat de Pallas","4","reel"
"ERN_Pika","Pika","0.16","reel"
"ERN_ptarmigan","Lagopede","0.5","reel"
"ERN_Redpanda","Panda roux","5","reel"
"ERN_SnowLeopard","Once","40","reel"
"ERN_Valboar","Sanglier","95","reel"
"EuropeanBadger","Blaireau europeen","12","reel"
"FancyRat","Rat domestique","0.5","reel"
"Fjord_horse","Fjord norvegien","400","reel"
"Flamingo","Flamant rose","3","reel"
"Fox_Arctic","Renard polaire","4","reel"
"Fox_Fennec","Fennec","1.3","reel"
"Fox_Gray","Renard gris","4.5","reel"
"Fox_Kit","Renard nain","2","reel"
"Fox_Maikong","Renard des savanes","6","reel"
"Fox_Red","Renard roux","6","reel"
"Fox_Sand","Renard pale","3","reel"
"Fox_Silver","Renard argente","6","reel"
"Fox_Tibetan","Renard du Tibet","4.5","reel"
"FoxSquirrel","Ecureuil fauve","0.9","reel"
"Friesian_horse","Frison","600","reel"
"Gazelle","Gazelle de Thomson","25","reel"
"Gemsbok","Oryx gazelle","220","reel"
"Gerbil","Gerbille","0.07","reel"
"GermanShepard","Berger allemand","35","reel"
"Ghostie_BabySeal","Bebe phoque","25","reel"
"GloucestershirePig","Gloucestershire","130","reel"
"Goat","Chevre domestique","60","reel"
"GoldenConure","Conure doree","0.25","reel"
"GoldenJackal","Chacal dore","10","reel"
"GoldenRetriever","Golden retriever","30","reel"
"Goldfinch","Chardonneret","0.016","reel"
"Goose","Oie cendree","5","reel"
"Gorilla","Gorille des plaines","160","reel"
"GreenPeacock","Paon spicifere","4","reel"
"GreenSnake","Couleuvre verte","0.04","reel"
"Grimstone_NorthernLynx","Lynx boreal","22","reel"
"Grimstone_Sheepdog","Chien de berger","25","reel"
"GuineaPig","Cochon d'Inde","1","reel"
"Gypsy_horse","Gypsy cob","550","reel"
"Hamster","Hamster dore","0.15","reel"
"Hare","Lievre d'Europe","3.5","reel"
"HarianaCow","Hariana","450","reel"
"Harvest_Mouse","Rat des moissons","0.007","reel"
"HC_Alligatorturtle","Tortue alligator","90","reel"
"HC_Baboon","Babouin","25","reel"
"HC_Bullfrog","Ouaouaron","0.5","reel"
"HC_Galapagostortoise","Tortue des Galapagos","250","reel"
"HC_KomodoDragon","Dragon de Komodo","80","reel"
"HC_Leopardgecko","Gecko leopard","0.06","reel"
"HC_Pangolin","Pangolin","15","reel"
"HC_Samoyed","Samoyede","25","reel"
"HC_Serval","Serval","12","reel"
"HC_Snowleopard","Once","40","reel"
"HC_Watermonitor","Varan malais","20","reel"
"HC_Weasel","Belette","0.2","reel"
"HerefordCow","Hereford","800","reel"
"HermitCrab","Bernard-l'ermite","0.2","reel"
"Heron","Heron cendre","1.5","reel"
"HighlandCow","Highland","600","reel"
"Hippo","Hippopotame","1800","reel"
"HolsteinFriesianCow","Holstein","700","reel"
"HomingPigeon","Pigeon voyageur","0.4","reel"
"Horse","Cheval domestique","500","reel"
"HouseFinch","Roselin familier","0.021","reel"
"Husky","Husky siberien","25","reel"
"Ibex","Bouquetin des Alpes","80","reel"
"Ibis","Ibis sacre","1.5","reel"
"Iguana","Iguane vert","5","reel"
"IndianGiantSquirrel","Ecureuil geant de Malabar","2","reel"
"IrishDraught_horse","Irish draught","600","reel"
"IrishHunter_horse","Irish hunter","600","reel"
"JacobsSheep","Mouton de Jacob","65","reel"
"Jerbal","Gerbille","0.07","reel"
"Jerboa","Gerboise","0.06","reel"
"JerseyCow","Jersiaise","450","reel"
"Kangaroo_Rat","Rat-kangourou","0.12","reel"
"KangarooRat","Rat-kangourou","0.12","reel"
"king_penguin","Manchot royal","14","reel"
"LabradorRetriever","Labrador retriever","30","reel"
"LeopardTortoise","Tortue leopard","15","reel"
"LimousinCow","Limousine","750","reel"
"LincolnSheep","Mouton de Lincoln","110","reel"
"Ling_Cockroach","Blatte","0.02","reel"
"Locust","Criquet","0.002","reel"
"LonghornCow","Longhorn","700","reel"
"Lynx","Lynx boreal","20","reel"
"Macaw","Ara","1","reel"
"Mandrill","Mandrill","25","reel"
"Maned_Rat","Rat a criniere","0.7","reel"
"Manedwolf","Loup a criniere","23","reel"
"Mastiff","Mastiff anglais","70","reel"
"Mastodon","Mastodonte","5000","eteint"
"MeatCow","Vache a viande","750","reel"
"Meerkat","Suricate","0.8","reel"
"MerinoSheep","Merinos","70","reel"
"MilkCow","Vache laitiere","700","reel"
"Mink","Vison d'Amerique","1.2","reel"
"Mole_Rat","Rat-taupe nu","0.035","reel"
"MonitorLizard","Varan","15","reel"
"Monkey","Macaque rhesus","8","reel"
"Moose","Elan","450","reel"
"MouflonSheep","Mouflon","50","reel"
"MourningDove","Tourterelle triste","0.12","reel"
"Mouse","Souris domestique","0.02","reel"
"MudSnake","Serpent de boue","0.5","reel"
"Muskox","Boeuf musque","300","reel"
"Muskrat","Rat musque","1.2","reel"
"Mustang_horse","Mustang","400","reel"
"NandayConure","Conure nanday","0.14","reel"
"Neanderthal","Homme de Neandertal","75","eteint"
"Nem_Cockroach","Blatte","0.02","reel"
"Nem_Mantis","Mante religieuse","0.005","reel"
"Nem_Mosquito","Moustique","5E-06","reel"
"Nem_Spider","Araignee","0.003","reel"
"Nem_Woodlouse","Cloporte","0.0001","reel"
"Nutria","Ragondin","7","reel"
"Oriole","Oriole","0.034","reel"
"Ostrich","Autruche","110","reel"
"Otter","Loutre d'Europe","9","reel"
"PackRat","Rat a bourse","0.3","reel"
"Paint_horse","Paint horse","500","reel"
"Panda","Panda geant","110","reel"
"Panther","Panthere noire","60","reel"
"Peacock","Paon bleu","4.5","reel"
"PearlHamster","Hamster perle","0.15","reel"
"Pelican","Pelican blanc","10","reel"
"Penguin","Manchot papou","5.5","reel"
"Pig","Cochon domestique","150","reel"
"Pigeon","Pigeon biset","0.35","reel"
"PineappleConure","Conure ananas","0.08","reel"
"Plover","Pluvier","0.2","reel"
"Porcupine","Porc-epic","12","reel"
"Possum","Opossum de Virginie","4","reel"
"PrairieDog","Chien de prairie","1","reel"
"Przewalski_horse","Cheval de Przewalski","300","reel"
"PuddingHamster","Hamster pudding","0.15","reel"
"Quail","Caille des bles","0.1","reel"
"Quarter_horse","Quarter horse","500","reel"
"Raccoon","Raton laveur","7","reel"
"Racoon_dog","Chien viverrin","6","reel"
"Rat","Rat brun","0.35","reel"
"RedFootedTortoise","Tortue charbonniere","7","reel"
"RG_Dodo","Dodo","15","eteint"
"RG_Megalenhydris","Megalenhydris","90","eteint"
"RG_SabertoothTiger","Smilodon","280","eteint"
"RG_TerrorBird","Phorusrhacide","180","eteint"
"RG_Thrinaxodon","Thrinaxodon","0.5","eteint"
"RG_Velociraptor","Velociraptor","15","eteint"
"RG_WoollyMammoth","Mammouth laineux","6000","eteint"
"RG_WoollyRhinoceros","Rhinoceros laineux","2000","eteint"
"Rhinoceros","Rhinoceros blanc","2200","reel"
"RingneckDove","Tourterelle rieuse","0.16","reel"
"rtp_BorderCollie","Border collie","18","reel"
"rtp_RhodesianRidgeback","Rhodesian ridgeback","38","reel"
"SaddlebackPig","Cochon saddleback","140","reel"
"SaintBernard","Saint-bernard","75","reel"
"Sandpiper","Becasseau","0.05","reel"
"SapphirerHamster","Hamster saphir","0.15","reel"
"SCAfghanHound","Levrier afghan","27","reel"
"ScarletKingSnake","Serpent roi ecarlate","0.06","reel"
"SCBlackHorse","Cheval noir","500","reel"
"SCBorderCollie","Border collie","18","reel"
"SCBorzoi","Barzoi","40","reel"
"SCBullmastiff","Bullmastiff","55","reel"
"SCBullTerrier","Bull terrier","27","reel"
"SCCaucasianshepherd","Berger du Caucase","65","reel"
"SCChowchow","Chow-chow","25","reel"
"SCCollie","Colley","22","reel"
"SCDoberman","Doberman","35","reel"
"SCGoldenRetriever","Golden retriever","30","reel"
"SCGreyhound","Levrier greyhound","30","reel"
"SCMiniatureDachshund","Teckel nain","5","reel"
"SCNewFoundland","Terre-neuve","65","reel"
"SCOldEnglishSheepdog","Bobtail","30","reel"
"SCPalomino","Palomino","480","reel"
"SCPug","Carlin","8","reel"
"SCQuarterHorse","Quarter horse","500","reel"
"SCSaintbernard","Saint-bernard","75","reel"
"SCSchnauzer","Schnauzer standard","20","reel"
"SCStandardPoodle","Caniche royal","25","reel"
"SCWelshCorgi","Welsh corgi","12","reel"
"SCWhiteHorse","Cheval blanc","500","reel"
"Seagull","Goeland argente","1.1","reel"
"Seal","Phoque commun","90","reel"
"SeaLion","Otarie de Californie","250","reel"
"SeaOtter","Loutre de mer","30","reel"
"SeaTurtle","Tortue verte","150","reel"
"Sheep","Mouton domestique","70","reel"
"Shetland_pony","Poney shetland","180","reel"
"Shire_horse","Shire","900","reel"
"SMP_Tortie","Chat ecaille de tortue","4.5","reel"
"Snowhare","Lievre variable","3","reel"
"Sparrow","Moineau domestique","0.03","reel"
"Spoonbill","Spatule blanche","1.5","reel"
"SpottedHyena","Hyene tachetee","60","reel"
"Squirrel","Ecureuil roux","0.5","reel"
"StoneCrab","Crabe de pierre","0.4","reel"
"StrayDogs_AkitaJapanese","Akita inu","40","reel"
"StrayDogs_BerneseMountainDog","Bouvier bernois","45","reel"
"StrayDogs_Hokkaido","Hokkaido","25","reel"
"StrayDogs_Kai","Kai","18","reel"
"StrayDogs_Kishu","Kishu","22","reel"
"StrayDogs_Shiba","Shiba inu","10","reel"
"StrayDogs_Shikoku","Shikoku","20","reel"
"StrayDogs_SwedishVallhund","Vallhund suedois","13","reel"
"Striped_Mouse","Souris rayee","0.045","reel"
"StripedHyena","Hyene rayee","35","reel"
"SuffolkSheep","Suffolk","90","reel"
"SunConure","Conure soleil","0.11","reel"
"Swan","Cygne tubercule","11","reel"
"Thoroughbred_horse","Pur-sang anglais","500","reel"
"Tiger","Tigre du Bengale","220","reel"
"TimberRattler","Crotale des bois","1","reel"
"Tortoise","Tortue d'Hermann","20","reel"
"Turkey","Dindon sauvage","8","reel"
"TurquoiseConure","Conure turquoise","0.08","reel"
"TurtleDove","Tourterelle des bois","0.14","reel"
"TVP_ShibaInu","Shiba inu","10","reel"
"TYR_CattleEgret","Heron garde-boeufs","0.35","reel"
"TYR_Cuckooshrike_BlackWinged","Echenilleur a ailes noires","0.04","reel"
"TYR_FairyBluebird_Philippine","Irene des Philippines","0.06","reel"
"TYR_GreatEgret","Grande aigrette","1","reel"
"TYR_Hummingbird_BlueTailed","Colibri a queue bleue","0.006","reel"
"TYR_KangarooRat","Rat-kangourou","0.12","reel"
"TYR_Lemming","Lemming","0.07","reel"
"TYR_Mouse","Souris domestique","0.02","reel"
"TYR_Owl_AfricanGrass","Hibou du Cap","0.4","reel"
"TYR_Parrot_Caica","Caique a tete noire","0.16","reel"
"TYR_ReddishEgret","Aigrette roussatre","0.5","reel"
"TYR_SlatyEgret","Aigrette ardoisee","0.34","reel"
"TYR_SnowyEgret","Aigrette neigeuse","0.37","reel"
"TYR_Triller_WhiteBrowed","Echenilleur a sourcils blancs","0.03","reel"
"VAERoy_AngoraRabbit","Lapin angora","3","reel"
"VAERoy_Crane","Grue cendree","5.5","reel"
"VAERoy_Orangutan","Orang-outan","75","reel"
"VAERoy_Pheasant","Faisan de Colchide","1.2","reel"
"VAERoy_RoyalTiger","Tigre royal","230","reel"
"Vulture","Vautour fauve","8","reel"
"Walrus","Morse","900","reel"
"WaterDeer","Hydropote","13","reel"
"WD_Beagle","Beagle","11","reel"
"WD_Boxer","Boxer","30","reel"
"WD_Corgi","Welsh corgi","12","reel"
"WD_Dachshund","Teckel","9","reel"
"WD_Dalmatian","Dalmatien","27","reel"
"WD_Jackrussell","Jack russell","7","reel"
"WD_Pitbull","Pitbull","25","reel"
"WD_Pug","Carlin","8","reel"
"WD_Sheepdog","Chien de berger","25","reel"
"Weasel","Belette","0.2","reel"
"WelshCorgi","Welsh corgi","12","reel"
"Whitefox","Renard polaire","4","reel"
"WildBoar","Sanglier","90","reel"
"Wolf_Arctic","Loup arctique","40","reel"
"Wolf_Red","Loup roux","25","reel"
"Wolf_Timber","Loup gris","45","reel"
"Wolverine","Glouton","15","reel"
"Yak","Yak domestique","600","reel"
"YorkshireTerrier","Yorkshire terrier","3","reel"
"ZDuck_ArcticRazorbill","Pingouin torda arctique","0.7","reel"
"ZDuck_Bufflehead","Petit garrot","0.45","reel"
"ZDuck_Cayuga","Canard cayuga","3.2","reel"
"ZDuck_EiderPintail","Eider pilet","2.2","reel"
"ZDuck_GreaterMallard","Grand colvert","1.4","reel"
"ZDuck_RudderDuck","Erismature","0.55","reel"
"Zebra","Zebre des plaines","300","reel"
"ZebraFinch","Diamant mandarin","0.012","reel"
"ZebuCow","Zebu","400","reel"
"ZEle_AsianElephant","Elephant d'Asie","3500","reel"
"ZEle_BorneoPygmy","Elephant pygmee de Borneo","2000","reel"
"ZEle_Kallana","Elephant nain kallana","2500","reel"
"ZGF_BeechMart","Fouine","1.7","reel"
"ZGF_JapaneseMart","Martre du Japon","1.5","reel"
"ZGF_NilgiriMart","Martre des Nilgiri","2.2","reel"
"ZGF_PineMart","Martre des pins","1.5","reel"
"ZGF_Sable","Zibeline","1.3","reel"
"ZGF_YellowMart","Martre a gorge jaune","3","reel"
"ZPT_CarolinaParakeet","Conure de Caroline","0.1","eteint"
"ZPT_Eclectus","Grand eclectus","0.45","reel"
"ZPT_Hyacinth","Ara hyacinthe","1.5","reel"
"ZPT_Kea","Nestor kea","0.9","reel"
"ZPT_QuakerParrot","Conure veuve","0.1","reel"
"ZPT_RingneckedParakeet","Perruche a collier","0.13","reel"
"ZPT_SunConure","Conure soleil","0.11","reel"
"ZTT_MudTurtle","Tortue de boue","0.5","reel"
